uid,sex,bipartite,community,alive_at_end,age_at_end
0,f,1,0,False,78.0
5,m,0,2,False,97.75
6,f,1,0,False,69.0
7,f,1,0,False,71.25
9,f,1,1,True,87.25
11,f,1,0,False,55.25
22,f,1,0,False,31.75
24,m,0,0,True,70.0
26,f,1,2,False,67.75
31,f,1,0,False,75.75
35,f,1,0,False,94.75
41,f,1,0,False,74.5
44,m,0,0,False,100.5
45,m,0,1,False,72.75
46,f,1,0,True,75.5
48,f,1,0,True,82.75
49,f,1,0,False,57.75
55,m,0,2,True,72.5
59,m,0,0,False,27.0
62,f,1,2,False,74.25
63,m,0,0,True,71.25
64,f,1,0,False,64.0
69,m,0,0,False,67.25
70,f,1,0,False,82.0
73,f,1,0,False,43.25
75,m,0,0,True,64.25
84,m,0,0,False,98.25
85,f,1,0,False,18.25
87,f,1,0,True,68.5
90,f,1,0,True,82.75
93,m,0,0,False,53.0
99,m,0,0,True,61.0
102,f,1,0,False,66.25
104,m,0,0,False,17.25
109,f,1,0,False,83.0
110,m,0,0,False,80.5
115,m,0,2,True,88.25
119,f,1,0,False,73.5
129,m,0,0,True,80.75
130,m,0,0,False,78.75
131,f,1,0,False,29.25
135,f,1,0,False,61.25
136,m,0,0,False,70.25
138,f,1,0,False,47.25
139,m,0,0,False,85.25
142,f,1,0,False,29.25
145,f,1,0,False,73.25
147,m,0,0,False,89.5
151,f,1,0,False,67.75
153,f,1,0,False,100.75
161,f,1,0,False,80.0
178,m,0,0,False,85.0
183,f,1,0,False,58.5
185,m,0,0,False,65.0
188,f,1,0,False,54.25
189,m,0,0,False,55.5
190,f,1,0,False,85.25
200,f,1,0,True,82.0
201,m,0,0,False,61.25
202,f,1,1,False,82.5
204,f,1,0,True,62.25
205,f,1,0,True,66.25
207,m,0,0,False,31.75
222,m,0,0,False,76.5
235,f,1,0,False,85.5
239,m,0,0,False,91.75
244,m,0,0,False,83.5
249,m,0,0,False,88.25
253,m,0,0,False,83.0
255,m,0,0,True,67.25
259,m,0,0,False,20.0
261,f,1,0,True,69.25
262,f,1,0,True,62.25
269,m,0,0,False,85.75
272,m,0,0,True,83.5
275,m,0,0,False,85.0
277,f,1,1,False,67.0
283,m,0,0,True,62.5
284,m,0,0,False,76.25
287,f,1,0,False,81.0
290,f,1,0,True,86.5
291,f,1,0,True,71.0
292,m,0,0,False,81.75
293,m,0,0,True,74.25
295,f,1,0,False,64.75
307,m,0,0,True,65.75
311,f,1,0,True,72.75
312,f,1,0,True,67.0
318,m,0,0,False,69.0
320,f,1,0,False,20.0
324,m,0,0,True,78.5
341,f,1,0,True,75.75
354,m,0,0,False,46.5
355,m,0,0,False,62.75
357,f,1,0,False,51.25
360,f,1,0,True,74.75
364,f,1,0,False,93.0
366,m,0,0,False,55.75
370,m,0,0,False,52.5
373,f,1,0,False,80.0
374,m,0,0,False,17.75
376,m,0,0,False,70.25
399,m,0,0,False,71.75
403,f,1,0,False,81.0
414,f,1,0,False,68.5
423,m,0,0,False,68.75
424,m,0,1,False,47.5
427,f,1,0,True,66.25
430,m,0,0,False,25.25
431,m,0,0,False,75.75
433,f,1,0,False,90.25
440,m,0,0,False,75.75
441,m,0,0,False,62.25
442,f,1,1,False,76.5
449,f,1,0,False,70.25
450,f,1,0,False,79.0
451,m,0,0,False,88.5
456,m,0,0,False,87.75
458,f,1,0,False,54.75
461,m,0,2,False,65.25
462,m,0,0,True,86.25
463,f,1,0,False,61.5
466,f,1,0,False,86.25
467,f,1,0,False,20.25
476,f,1,0,False,86.75
494,m,0,0,False,39.0
496,m,0,0,False,31.25
497,m,0,1,False,81.5
498,m,0,0,False,50.75
499,f,1,0,False,75.25
506,m,0,0,True,61.75
513,m,0,0,True,75.75
516,m,0,0,False,72.0
519,m,0,0,False,75.0
524,m,0,0,False,57.0
525,m,0,0,False,93.0
527,m,0,0,False,84.0
528,m,0,1,False,78.0
535,m,0,0,False,87.0
536,m,0,0,False,87.0
538,m,0,0,False,76.0
539,f,1,2,True,63.75
546,f,1,0,False,80.0
547,f,1,0,False,50.0
549,f,1,0,False,56.0
550,f,1,0,False,54.0
551,f,1,0,False,66.0
552,f,1,0,False,79.0
555,f,1,0,False,88.0
560,f,1,0,False,70.0
562,f,1,0,False,92.0
563,f,1,1,False,87.0
564,f,1,0,False,91.0
569,f,1,0,True,59.75
570,m,0,0,True,59.75
572,m,0,0,True,59.75
577,f,1,0,True,59.75
582,f,1,0,True,58.75
585,f,1,0,True,58.75
593,m,0,0,True,57.75
601,f,1,0,False,79.0
607,m,0,0,False,80.0
614,m,0,0,True,55.75
615,m,0,0,True,55.75
617,m,0,0,True,55.75
619,m,0,0,True,55.75
620,m,0,0,False,90.0
625,f,1,2,False,93.0
629,m,0,0,True,54.75
630,f,1,0,False,54.0
638,m,0,0,False,52.0
640,m,0,0,True,53.75
647,f,1,0,False,91.0
648,f,1,0,True,52.75
655,m,0,0,True,52.75
658,f,1,0,True,51.75
661,f,1,0,True,51.75
664,m,0,0,True,63.75
667,f,1,0,True,71.75
668,f,1,0,False,72.0
671,m,0,2,True,50.75
681,m,0,0,True,49.75
683,m,0,0,False,86.0
684,m,0,0,False,86.0
689,m,0,0,True,48.75
691,f,1,0,True,48.75
700,m,0,0,True,47.75
705,m,0,0,True,47.75
708,m,0,0,False,81.0
709,f,1,0,True,47.75
710,f,1,0,True,46.75
712,f,1,0,True,46.75
718,f,1,0,True,45.75
720,f,1,0,True,45.75
723,m,0,0,True,45.75
726,m,0,0,False,90.0
731,f,1,0,True,44.75
735,f,1,0,False,78.0
741,m,0,1,False,29.0
745,f,1,0,False,79.0
750,f,1,0,True,42.75
751,f,1,0,True,42.75
753,f,1,0,True,63.75
754,f,1,0,True,68.75
755,f,1,0,True,41.75
759,f,1,0,True,41.75
767,m,0,0,True,40.75
773,f,1,0,False,95.0
782,m,0,0,False,76.0
783,f,1,0,False,81.0
788,f,1,0,True,38.75
790,m,0,0,True,38.75
792,m,0,0,True,37.75
800,m,0,1,True,36.75
801,f,1,0,True,36.75
808,f,1,0,True,35.75
809,f,1,0,True,35.75
816,m,0,0,True,67.75
818,m,0,0,True,34.75
819,f,1,1,True,34.75
822,m,0,0,True,34.75
827,f,1,0,True,33.75
829,f,1,0,True,33.75
832,f,1,0,False,99.0
835,f,1,0,True,32.75
836,m,0,0,True,32.75
839,f,1,0,True,32.75
854,f,1,0,True,30.75
858,m,0,0,True,30.75
859,m,0,0,True,30.75
868,f,1,0,True,29.75
871,m,0,0,False,94.0
874,f,1,0,True,28.75
876,m,0,0,True,28.75
878,m,0,0,True,28.75
880,f,1,0,True,37.75
883,f,1,0,True,27.75
887,m,0,0,True,27.75
891,f,1,0,True,26.75
896,m,0,0,True,26.75
898,m,0,0,True,81.75
901,m,0,0,True,25.75
902,f,1,1,True,25.75
916,m,0,0,True,24.75
917,f,1,0,True,24.75
920,f,1,0,True,24.75
921,m,0,0,True,24.75
924,f,1,0,False,101.0
927,f,1,0,True,23.75
931,m,0,0,True,82.75
933,f,1,0,True,22.75
934,f,1,0,True,22.75
936,f,1,0,True,22.75
941,m,0,0,False,67.0
948,f,1,0,True,21.75
949,f,1,0,True,21.75
952,m,0,0,True,21.75
954,f,1,2,True,47.75
956,m,0,0,True,20.75
957,m,0,1,True,20.75
959,f,1,0,True,20.75
964,m,0,0,True,19.75
971,m,0,0,True,45.75
972,f,1,0,False,83.0
979,m,0,0,True,18.75
983,f,1,0,False,48.0
984,f,1,0,True,69.75
998,m,0,0,True,16.75
1007,m,0,0,True,15.75
1028,m,0,0,True,40.75
1040,m,0,0,True,31.75
1065,m,0,0,True,39.75
1068,f,1,0,True,33.75
1086,f,1,0,True,27.75
1087,f,1,0,True,28.75
1088,f,1,0,True,56.75
1099,m,0,0,True,36.75
1102,f,1,2,True,75.75
1109,m,0,0,True,24.75
1143,f,1,0,True,44.75
1151,m,0,0,True,22.75
1153,f,1,0,True,84.75
