model,n_agents,seed,t0,t1,n_ever_alive,run_seconds,n_nodes,n_edges,frac_long,mean_degree,cv_degree,max_degree,top10_edge_share,n_components,lcc_frac,dyad_frac
default,250,0,0,243,554,8.367079019546509,446,3144,0.060432569974554706,14.09865470852018,1.0117820462988805,124,0.3256997455470738,4,0.9865470852017937,0.013452914798206279
gamma0.05,250,0,0,243,564,9.667028188705444,161,2698,0.13454410674573758,33.515527950310556,1.3732034220659541,227,0.44106745737583397,1,1.0,0.0
gamma0.25,250,0,0,243,567,8.587417602539062,298,3137,0.11635320369780044,21.053691275167786,1.6347651207612723,241,0.507810009563277,1,1.0,0.0
gamma1,250,0,0,243,559,5.044560432434082,389,2795,0.12737030411449016,14.370179948586118,1.3118686995155704,146,0.4101967799642218,5,0.9794344473007712,0.02056555269922879
gamma2,250,0,0,243,562,5.630772113800049,404,2757,0.11099020674646355,13.648514851485148,1.0458806119787423,110,0.32789263692419296,2,0.9925742574257426,0.0
gamma2.5,250,0,0,243,569,8.132396936416626,405,2394,0.13157894736842105,11.822222222222223,0.9639503879870118,70,0.3176691729323308,5,0.980246913580247,0.019753086419753086
gamma5,250,0,0,243,572,13.932409524917603,406,3081,0.11587147030185005,15.177339901477833,0.8816824712265646,88,0.2947095098993833,4,0.9827586206896551,0.009852216748768473
powerlaw3,250,0,0,243,565,33.58633017539978,467,7094,0.03510008457851706,30.38115631691649,0.8995660676256791,238,0.28361996053002536,2,0.9957173447537473,0.004282655246252677
default,250,1,0,243,558,2.5869033336639404,432,2832,0.06002824858757062,13.11111111111111,1.1259671383094245,120,0.3508121468926554,3,0.9907407407407407,0.009259259259259259
gamma0.05,250,1,0,243,561,9.329319953918457,149,1894,0.1979936642027455,25.42281879194631,1.3223044609392924,249,0.413674762407603,1,1.0,0.0
gamma0.25,250,1,0,243,552,8.307535171508789,288,3023,0.12934171352960636,20.993055555555557,1.4860553683526352,176,0.4823023486602713,1,1.0,0.0
gamma1,250,1,0,243,555,8.451586723327637,387,2928,0.1287568306010929,15.131782945736434,1.1720897243482984,127,0.3743169398907104,2,0.9948320413436692,0.00516795865633075
gamma2,250,1,0,243,568,13.659699201583862,407,3343,0.16542028118456475,16.42751842751843,1.1357065191366438,130,0.37496260843553697,2,0.995085995085995,0.004914004914004914
gamma2.5,250,1,0,243,558,7.80330753326416,388,2466,0.12652068126520682,12.711340206185566,0.9754479459785906,70,0.3304947283049473,4,0.9768041237113402,0.010309278350515464
gamma5,250,1,0,243,554,5.648533344268799,419,3403,0.11460476050543637,16.24343675417661,0.9294650281640984,89,0.29914781075521596,5,0.9809069212410502,0.01909307875894988
powerlaw3,250,1,0,243,558,33.316269636154175,449,6941,0.0691543005330644,30.91759465478842,0.9698576799177324,205,0.314652067425443,4,0.9866369710467706,0.013363028953229399
default,250,2,0,243,574,2.55326771736145,462,3085,0.05964343598055105,13.354978354978355,1.0853141943157532,111,0.3405186385737439,8,0.9696969696969697,0.030303030303030304
gamma0.05,250,2,0,243,557,9.291460275650024,162,3518,0.18817509948834565,43.4320987654321,1.1108111264997471,270,0.3443718021603184,1,1.0,0.0
gamma0.25,250,2,0,243,555,14.053483724594116,270,2557,0.09503324208056316,18.94074074074074,1.5705508524030471,179,0.4898318341806805,2,0.9925925925925926,0.007407407407407408
gamma1,250,2,0,243,575,7.847189903259277,393,2672,0.12050898203592815,13.597964376590332,1.2131800279763743,110,0.3910928143712575,5,0.9796437659033079,0.020356234096692113
gamma2,250,2,0,243,562,8.01588487625122,407,2982,0.14118041582830315,14.653562653562654,1.0764234414228047,126,0.3504359490274983,7,0.9705159705159705,0.029484029484029485
gamma2.5,250,2,0,243,553,8.177374362945557,413,2951,0.12402575398170111,14.290556900726392,1.0444700960662605,98,0.3405625211792613,5,0.9782082324455206,0.014527845036319613
gamma5,250,2,0,243,561,7.98334813117981,399,2236,0.10822898032200358,11.208020050125313,0.9807561279242734,91,0.3170840787119857,6,0.9724310776942355,0.020050125313283207
powerlaw3,250,2,0,243,571,34.72880458831787,480,6450,0.04325581395348837,26.875,0.9727174286306282,204,0.30573643410852713,1,1.0,0.0
default,500,0,0,243,1165,8.54397439956665,929,6220,0.0680064308681672,13.390742734122712,1.08175300594207,153,0.33135048231511255,3,0.9956942949407965,0.004305705059203444
gamma0.05,500,0,0,243,1176,11.080324411392212,282,5449,0.11910442282987704,38.645390070921984,1.398221383877853,332,0.4392549091576436,1,1.0,0.0
gamma0.25,500,0,0,243,1165,10.292856216430664,566,6095,0.10812141099261689,21.537102473498233,1.7528123646098277,364,0.5099261689909762,1,1.0,0.0
gamma1,500,0,0,243,1163,7.1433329582214355,775,5816,0.13548830811554333,15.009032258064517,1.3002383013104817,176,0.4049174690508941,8,0.9819354838709677,0.01806451612903226
gamma2,500,0,0,243,1164,7.52752685546875,819,6030,0.1286898839137645,14.725274725274724,1.0432309113459795,97,0.3403814262023217,9,0.9792429792429792,0.017094017094017096
gamma2.5,500,0,0,243,1158,9.866468667984009,835,6547,0.15686574003360318,15.681437125748502,1.0340719045185174,112,0.34229418054070565,7,0.98562874251497,0.01437125748502994
gamma5,500,0,0,243,1185,6.370519161224365,854,6147,0.16072881080201726,14.395784543325528,0.8755053240655514,85,0.28908410606800067,8,0.9824355971896955,0.01405152224824356
powerlaw3,500,0,0,243,1143,40.85574293136597,950,15007,0.05124275338175518,31.593684210526316,1.020946043742873,262,0.3183514359965349,2,0.9968421052631579,0.0
default,500,1,0,243,1165,2.905547618865967,901,6345,0.06288416075650118,14.084350721420643,1.0527335026781484,126,0.32671394799054376,7,0.9866814650388457,0.013318534961154272
gamma0.05,500,1,0,243,1186,10.801428079605103,295,6872,0.17753201396973226,46.58983050847458,1.4089906536535457,296,0.45932770663562283,1,1.0,0.0
gamma0.25,500,1,0,243,1140,10.063084602355957,531,5877,0.123192104815382,22.135593220338983,1.7033912387645103,325,0.5068912710566615,1,1.0,0.0
gamma1,500,1,0,243,1164,7.296952962875366,775,5690,0.13813708260105448,14.683870967741935,1.2406292079429246,137,0.39964850615114234,7,0.983225806451613,0.012903225806451613
gamma2,500,1,0,243,1167,10.656562566757202,814,6248,0.13524327784891166,15.35135135135135,1.142440638432662,160,0.36843790012804095,10,0.9754299754299754,0.019656019656019656
gamma2.5,500,1,0,243,1177,10.1288161277771,823,5531,0.1204122220213343,13.441069258809234,0.944342771173384,81,0.31314409690833483,8,0.982989064398542,0.01701093560145808
gamma5,500,1,0,243,1168,5.926210165023804,857,6101,0.15030322897885592,14.23803967327888,0.9205510352640494,81,0.3038846090804786,3,0.9953325554259043,0.004667444574095682
powerlaw3,500,1,0,243,1169,39.740164279937744,960,14242,0.06143800028085943,29.670833333333334,1.0411406313490883,283,0.3249543603426485,2,0.9979166666666667,0.0020833333333333333
default,500,2,0,243,1162,3.1542327404022217,933,6253,0.06540860387014233,13.404072883172562,1.079346568869994,125,0.33064129217975374,2,0.9978563772775991,0.0021436227224008574
gamma0.05,500,2,0,243,1154,10.600889682769775,305,7034,0.11430196189934604,46.12459016393443,1.562732646720107,417,0.4791725902758032,1,1.0,0.0
gamma0.25,500,2,0,243,1138,9.704110383987427,577,8546,0.11970512520477417,29.622183708838822,1.7021595111806342,343,0.5289609173882518,2,0.9965337954939342,0.0034662045060658577
gamma1,500,2,0,243,1160,10.101030349731445,780,6847,0.10968307287863298,17.556410256410256,1.2915560850374583,163,0.41039871476559076,6,0.985897435897436,0.010256410256410256
gamma2,500,2,0,243,1156,7.992227077484131,818,6880,0.14098837209302326,16.82151589242054,1.0499070402332875,156,0.3416424418604651,4,0.9926650366748166,0.007334963325183374
gamma2.5,500,2,0,243,1174,6.20412015914917,865,6967,0.13793598392421416,16.108670520231215,1.045118945697738,105,0.3401033443375915,11,0.976878612716763,0.023121387283236993
gamma5,500,2,0,243,1174,9.777334928512573,837,6033,0.14304657715895905,14.415770609318997,0.8777420336330223,73,0.2895740096137908,6,0.98805256869773,0.011947431302270013
powerlaw3,500,2,0,243,1194,41.009286403656006,1004,14615,0.05008552856654123,29.11354581673307,0.9922993404831045,176,0.31546356483065346,3,0.9960159362549801,0.00398406374501992
default,1000,0,0,243,2361,3.5613644123077393,1851,11970,0.07410192147034252,12.93354943273906,1.0017387203756942,146,0.31528822055137845,2,0.9989195029713668,0.0010804970286331713
gamma0.05,1000,0,0,243,2366,10.785624027252197,544,14060,0.12965860597439544,51.69117647058823,1.599308670395154,449,0.49975106685633003,1,1.0,0.0
gamma0.25,1000,0,0,243,2336,10.219496726989746,1142,14101,0.12240266647755478,24.69527145359019,1.7443934202777793,398,0.5336146372597688,2,0.9973730297723292,0.0
gamma1,1000,0,0,243,2384,8.173155307769775,1620,14276,0.11172597366209022,17.62469135802469,1.3605315845279147,234,0.42378817595965257,9,0.9895061728395061,0.008641975308641974
gamma2,1000,0,0,243,2382,8.109238624572754,1714,13002,0.13167205045377633,15.171528588098017,1.0571079244851247,115,0.3450238424857714,11,0.9883313885647608,0.011668611435239206
gamma2.5,1000,0,0,243,2362,12.79797911643982,1742,12133,0.1387126019945603,13.92996555683123,1.0040726406295324,93,0.3312453638836232,14,0.9850746268656716,0.014925373134328358
gamma5,1000,0,0,243,2335,8.996968269348145,1717,12124,0.11035961728802375,14.122306348281887,0.8762230819049139,86,0.29169416034312107,12,0.9860221316249272,0.010483401281304601
powerlaw3,1000,0,0,243,2363,47.63995695114136,1993,30916,0.052464743175054986,31.024586051179128,1.110164670805267,414,0.33320934144132486,11,0.9894631209232313,0.009031610637230306
default,1000,1,0,243,2396,3.299894332885742,1907,12352,0.07197215025906736,12.954378605138961,1.0326458810266468,140,0.32229598445595853,5,0.9958049292081804,0.004195070791819612
gamma0.05,1000,1,0,243,2377,13.885026693344116,511,11654,0.14329843830444483,45.61252446183953,1.6637405956133489,521,0.5215376694697099,1,1.0,0.0
gamma0.25,1000,1,0,243,2409,12.74514889717102,1130,12340,0.1426256077795786,21.84070796460177,1.729728892397225,316,0.5254457050243112,6,0.9911504424778761,0.008849557522123894
gamma1,1000,1,0,243,2369,8.950458526611328,1588,13088,0.11888753056234719,16.483627204030228,1.2589126257337446,198,0.39795996332518335,8,0.9905541561712846,0.007556675062972292
gamma2,1000,1,0,243,2377,12.502601385116577,1688,12850,0.1380544747081712,15.225118483412322,1.089899290991432,126,0.3590272373540856,15,0.9792654028436019,0.01066350710900474
gamma2.5,1000,1,0,243,2382,10.911895036697388,1726,13502,0.12886979706710117,15.645422943221321,1.0450163615003885,134,0.3433565397718856,11,0.9855156431054461,0.008111239860950173
gamma5,1000,1,0,243,2381,12.812455415725708,1738,14503,0.15451975453354477,16.689298043728424,0.9122915249289286,93,0.3017651520375095,11,0.9861910241657077,0.00805523590333717
powerlaw3,1000,1,0,243,2368,34.327253580093384,1957,36374,0.05130037939187332,37.173224322943284,1.043842481277408,362,0.32656567878154724,5,0.9948901379662749,0.002043944813490036
default,1000,2,0,243,2338,3.1860742568969727,1904,12733,0.06934736511427,13.375,1.007946081605827,118,0.31681457629780885,5,0.9952731092436975,0.0031512605042016808
gamma0.05,1000,2,0,243,2370,13.571303844451904,517,11771,0.14416787018944865,45.5357833655706,1.6855324058324144,468,0.5335145697052077,1,1.0,0.0
gamma0.25,1000,2,0,243,2376,8.494019508361816,1117,14241,0.1222526507969946,25.498657117278423,1.6942447272354173,376,0.5155185731339091,4,0.9937332139659804,0.0035810205908683975
gamma1,1000,2,0,243,2381,11.523253679275513,1594,13619,0.1334165504075189,17.087829360100375,1.2971550523979865,288,0.4027094500330421,11,0.9868255959849436,0.011292346298619825
gamma2,1000,2,0,243,2338,9.447649240493774,1670,12994,0.1289826073572418,15.561676646706587,1.0432022987501588,103,0.34311990149299676,7,0.9922155688622755,0.005988023952095809
gamma2.5,1000,2,0,243,2378,12.531814813613892,1693,12080,0.11059602649006622,14.270525694034259,1.0601585504348945,115,0.3432533112582781,17,0.9793266391021854,0.016538688718251624
gamma5,1000,2,0,243,2334,8.808741092681885,1706,12149,0.11885751913737756,14.242672919109028,0.8579871798630478,88,0.28376821137542185,12,0.9830011723329426,0.009378663540445486
powerlaw3,1000,2,0,243,2353,27.654500246047974,1959,32188,0.046321610538088726,32.86166411434405,1.007085506767148,255,0.31937367963216107,9,0.9903011740684022,0.006125574272588055
default,2000,0,0,243,4681,3.9494991302490234,3816,25601,0.07183313151830006,13.417714884696016,1.0710360987763063,131,0.33488926213819775,10,0.995020964360587,0.0041928721174004195
gamma0.05,2000,0,0,243,4741,14.392827272415161,1006,27791,0.1281350077363175,55.25049701789264,1.9327694509549467,762,0.589237522939081,3,0.9960238568588469,0.003976143141153081
gamma0.25,2000,0,0,243,4714,12.676783323287964,2198,25723,0.1375422773393461,23.40582347588717,1.8015784446020788,573,0.5178633907398048,11,0.989080982711556,0.007279344858962694
gamma1,2000,0,0,243,4706,13.115825653076172,3207,27827,0.13795953570273475,17.353913314624258,1.3431459364272087,247,0.42295252812017103,19,0.9875272840661053,0.009354536950420954
gamma2,2000,0,0,243,4724,17.89000964164734,3406,25365,0.13467376305933373,14.89430416911333,1.060708455276686,108,0.34931992903607334,19,0.9888432178508514,0.009395184967704051
gamma2.5,2000,0,0,243,4715,11.74284815788269,3491,27669,0.1375185225342441,15.851618447436264,1.0221980028060897,120,0.33795944920307924,18,0.989401317674019,0.00859352621025494
gamma5,2000,0,0,243,4725,16.90326952934265,3457,25769,0.13190267375528736,14.908301995950247,0.8612949703313965,79,0.28664286545849665,23,0.9855365924211744,0.009256580850448365
powerlaw3,2000,0,0,243,4708,34.07901883125305,3917,72939,0.05660894720245685,37.24227725299974,1.2909553970326735,1264,0.35216413715570544,19,0.9908092928261425,0.009190707173857544
default,2000,1,0,243,4742,3.809502124786377,3829,26217,0.0689628866765839,13.693914860276834,1.0359395372600797,146,0.32742113895563946,10,0.9950378688952729,0.004178636719770175
gamma0.05,2000,1,0,243,4728,15.620883703231812,1013,31488,0.14157774390243902,62.16781836130306,1.8047139344565921,823,0.5561642530487805,2,0.998025666337611,0.0019743336623889436
gamma0.25,2000,1,0,243,4724,10.622884035110474,2230,28911,0.12282522223375186,25.92914798206278,1.7872556315322505,689,0.5275846563591713,2,0.9991031390134529,0.0008968609865470852
gamma1,2000,1,0,243,4756,11.225733041763306,3225,29346,0.12986437674640497,18.19906976744186,1.3028601817870762,213,0.41123151366455396,17,0.9885271317829457,0.00806201550387597
gamma2,2000,1,0,243,4718,15.512902021408081,3408,25699,0.11984902136269894,15.081572769953052,1.067771782134119,183,0.34837931437020897,18,0.9882629107981221,0.008802816901408451
gamma2.5,2000,1,0,243,4722,17.486725330352783,3445,27387,0.13743747033263956,15.89956458635704,1.0099089055505386,148,0.3332603059845912,26,0.9851959361393323,0.01393323657474601
gamma5,2000,1,0,243,4758,11.666617393493652,3517,27269,0.1320913858227291,15.506966164344611,0.890427113500627,107,0.29608713190802743,24,0.985499004833665,0.011373329542223486
powerlaw3,2000,1,0,243,4732,40.902708292007446,3951,69519,0.05066240883787166,35.19058466211086,1.0838989353962656,459,0.329399157064975,13,0.9939255884586181,0.006074411541381929
default,2000,2,0,243,4737,3.659247875213623,3859,24800,0.07459677419354839,12.853070743715989,1.00784934155128,143,0.3138104838709677,7,0.9968903861103913,0.003109613889608707
gamma0.05,2000,2,0,243,4696,12.793553829193115,979,26302,0.1514333510759638,53.73237997957099,1.747032008186657,753,0.5410044863508479,1,1.0,0.0
gamma0.25,2000,2,0,243,4725,15.37729024887085,2324,28999,0.12245249836201248,24.956110154905335,1.7922320108333811,519,0.5287768543742888,6,0.995697074010327,0.004302925989672977
gamma1,2000,2,0,243,4665,11.253314733505249,3215,27914,0.12602994912946908,17.364852255054434,1.2507726818091136,240,0.3954109049222612,13,0.9922239502332815,0.006842923794712286
gamma2,2000,2,0,243,4722,11.446614503860474,3450,28294,0.13101717678659786,16.40231884057971,1.103623119414324,159,0.35733724464550787,21,0.9869565217391304,0.009855072463768115
gamma2.5,2000,2,0,243,4700,16.723782062530518,3403,25747,0.1414145337320853,15.131942403761387,0.9702516690446332,126,0.3211053714995922,16,0.9903026741110784,0.007052600646488392
gamma5,2000,2,0,243,4734,16.509265184402466,3528,27067,0.11900099752466102,15.344104308390023,0.8867721070934972,90,0.29644955111390253,15,0.9920634920634921,0.007936507936507936
powerlaw3,2000,2,0,243,4725,42.704827308654785,3929,66509,0.050684869716880424,33.85543395265971,1.0415721796276736,346,0.32476055872137605,16,0.9916009162636803,0.006108424535505218
default,4000,0,0,243,9248,4.754421234130859,7603,48718,0.07682991912640091,12.8154675785874,1.009459714358934,131,0.317829139127222,12,0.9971064053663028,0.0028935946336972247
gamma0.05,4000,0,0,243,9288,19.677350759506226,1859,56121,0.12695782327471,60.37762237762238,2.047048448588742,1220,0.6018424475686464,2,0.9989241527703067,0.0010758472296933835
gamma0.25,4000,0,0,243,9245,21.39545440673828,4470,49757,0.12707759712201297,22.262639821029083,1.7826752895815583,560,0.5244689189460779,13,0.9944071588366891,0.004921700223713647
gamma1,4000,0,0,243,9251,17.92224097251892,6395,54111,0.12845816931862283,16.922908522283034,1.2769797625862531,243,0.4022379922751381,35,0.9887412040656763,0.009695074276778733
gamma2,4000,0,0,243,9296,21.03933572769165,6790,53383,0.13423749133619317,15.7240058910162,1.051328258280378,137,0.34432309911395015,37,0.9891016200294551,0.010014727540500737
gamma2.5,4000,0,0,243,9294,18.732216596603394,6877,49920,0.1282451923076923,14.517958412098299,0.9947748215091932,141,0.32854567307692306,36,0.9892394939653919,0.00930638359749891
gamma5,4000,0,0,243,9260,22.519295930862427,6900,50456,0.1292413191691771,14.624927536231883,0.8716064424345963,81,0.29325550975107023,36,0.9892753623188406,0.00927536231884058
powerlaw3,4000,0,0,243,9234,52.92846727371216,7818,136977,0.050446425312278706,35.041442824251725,1.1114007440822693,960,0.3283908977419567,30,0.9924533128677411,0.007162957278076234
default,4000,1,0,243,9408,4.6704816818237305,7685,49056,0.076912100456621,12.766688353936239,1.0289042340481407,149,0.32428245270711026,14,0.9962264150943396,0.002862719583604424
gamma0.05,4000,1,0,243,9400,19.584930658340454,1964,55809,0.1344585998674049,56.83197556008147,2.0684924714476707,1116,0.6077424788116612,1,1.0,0.0
gamma0.25,4000,1,0,243,9297,19.08782958984375,4490,54610,0.13398644936824758,24.325167037861917,1.8079769501794334,538,0.5337667093938839,11,0.9955456570155902,0.004454342984409799
gamma1,4000,1,0,243,9389,20.200926780700684,6481,55579,0.12961730149876752,17.1513655300108,1.277784879901914,202,0.40424440885946133,29,0.990587872241938,0.007097670112636938
gamma2,4000,1,0,243,9345,18.20326256752014,6816,53429,0.12878773699676205,15.677523474178404,1.0610567997401428,140,0.3486121769076719,36,0.988556338028169,0.008509389671361502
gamma2.5,4000,1,0,243,9354,24.56137728691101,6872,53348,0.13276973832196146,15.526193247962748,1.0025901082098279,156,0.3295531228912049,36,0.9890861466821886,0.009313154831199068
gamma5,4000,1,0,243,9269,17.929128408432007,6988,52228,0.1308302060197595,14.94791070406411,0.8711947499474643,91,0.2899402619284675,43,0.9864052661705781,0.009730967372638809
powerlaw3,4000,1,0,243,9393,63.6186580657959,7926,137982,0.05109362090707484,34.817562452687355,1.0728545831766279,716,0.3238755779739386,23,0.9943224829674489,0.005299015897047691
default,4000,2,0,243,9245,4.634694814682007,7640,49416,0.07606847984458474,12.936125654450262,1.024221139527192,155,0.3187631536344504,9,0.9977748691099476,0.0018324607329842932
gamma0.05,4000,2,0,243,9328,18.385267972946167,1838,48811,0.13744852594702014,53.11316648531012,2.0169738440802414,1173,0.5892114482391264,1,1.0,0.0
gamma0.25,4000,2,0,243,9234,19.53682017326355,4367,48977,0.12983645384568268,22.430501488435997,1.7023219963033085,422,0.5136084284460053,15,0.9929013052438745,0.005495763682161667
gamma1,4000,2,0,243,9196,18.48525595664978,6370,52391,0.13053768777080033,16.44929356357928,1.2512643800724088,176,0.40272184153766866,28,0.990894819466248,0.0075353218210361065
gamma2,4000,2,0,243,9292,17.97041368484497,6737,52483,0.13760646304517654,15.580525456434614,1.0582306335411338,165,0.34612160128041464,44,0.9864925040819356,0.011577853644055218
gamma2.5,4000,2,0,243,9251,22.042831897735596,6831,52698,0.12564044176249572,15.429073342116821,0.9878152837918662,145,0.3267676192644882,36,0.9875567266871614,0.007905138339920948
gamma5,4000,2,0,243,9247,18.688328742980957,6909,52736,0.13596025485436894,15.265885077435229,0.8753143177897277,99,0.2923429915048544,34,0.9897235489940657,0.008394847300622376
powerlaw3,4000,2,0,243,9279,46.01360106468201,7782,134961,0.050355287823889865,34.68542791056284,1.029301456014556,482,0.3199887374871259,25,0.9933179131328708,0.005140066820868671
