year,t,infections,cins,cancers,cancer_deaths,reinfections,reactivations,n_susceptible,n_infectious,n_inactive,n_normal,n_cin,n_cancerous,n_infected,n_abnormal,n_latent,n_precin,n_screened,n_cin_treated,n_cancer_treated,n_vaccinated,n_tx_vaccinated,hpv_incidence,cin_incidence,cancer_incidence,births,other_deaths,migration,asr_cancer_incidence,asr_cancer_mortality,new_vaccinated,cum_vaccinated,new_doses,cum_doses,new_txvx_doses,new_tx_vaccinated,cum_txvx_doses,cum_tx_vaccinated,new_screens,new_screened,new_cin_treatments,new_cin_treated,new_cancer_treatments,new_cancer_treated,cum_screens,cum_screened,cum_cin_treatments,cum_cin_treated,cum_cancer_treatments,cum_cancer_treated,cancer_mortality,n_alive,cdr,cbr,hpv_prevalence,precin_prevalence,cin_prevalence,Seed
1980.0,0,29951201.5,27197.6318359375,168.75469589233398,0.0,7109184.640625,0.0,198938144.0,14681630.0,168.7546844482422,55614092.0,25847.591796875,168.7546844482422,14681800.0,26016.34765625,0.0,7767385.0,0.0,0.0,0.0,0.0,0.0,0.03763883699950473,0.0009641980329763476,0.5977173126386881,739989.337575,713804.1875,-27282.009025000003,0.4610262632984464,0.0,0.0,0.0,0.0,0.0,0.0,0.0,0.0,0.0,0.0,0.0,0.0,0.0,0.0,0.0,0.0,0.0,0.0,0.0,0.0,0.0,0.0,55614092.0,0.012834951751077767,0.013305788352617535,0.26399118410492073,0.06877842293252763,0.000915498124731966,0
1981.0,1,33069534.0,87161.791015625,1378.1632690429688,0.0,21738107.0,0.0,192781424.0,14392158.0,1546.9176025390625,55388712.0,100127.7734375,1546.9176025390625,14393706.0,101674.6875,0.0,7195615.5,0.0,0.0,0.0,0.0,0.0,0.04288475169682324,0.0031260334530133055,4.92533045386197,718051.227225,698728.75,48095.08807500001,4.253225420322624,0.0,0.0,0.0,0.0,0.0,0.0,0.0,0.0,0.0,0.0,0.0,0.0,0.0,0.0,0.0,0.0,0.0,0.0,0.0,0.0,0.0,0.0,55388712.0,0.012615002674191089,0.012963854931759382,0.2598391888946614,0.06428633265291245,0.0035782052840364112,0
1982.0,2,28155005.0,119647.0703125,2812.5782470703125,0.0,24193853.0,0.0,193497776.0,13646404.0,4303.244140625,55214984.0,189174.0,4303.244140625,13650706.0,193477.25,0.0,6584639.0,0.0,0.0,0.0,0.0,0.0,0.036376393545732535,0.004329466943719532,10.109772618768638,710176.008125,686128.375,-22500.626000000004,8.501389908063327,0.0,0.0,0.0,0.0,0.0,0.0,0.0,0.0,0.0,0.0,0.0,0.0,0.0,0.0,0.0,0.0,0.0,0.0,0.0,0.0,0.0,0.0,55214984.0,0.01242648870458787,0.012862016008643597,0.24715037497792267,0.0591618276197395,0.006798780967726006,0
1983.0,3,24363929.5,116384.47265625,4078.238525390625,28.125782012939453,22474552.0,0.0,196134016.0,12880651.0,8297.1044921875,55098160.0,252991.40625,8297.1044921875,12888948.0,261288.5,0.0,6031180.0,0.0,0.0,0.0,0.0,0.0,0.031055206532863734,0.004238164407801356,14.719826727568924,711582.2972500001,645064.8125,-57376.596300000005,11.947313052952238,0.043502536630730504,0.0,0.0,0.0,0.0,0.0,0.0,0.0,0.0,0.0,0.0,0.0,0.0,0.0,0.0,0.0,0.0,0.0,0.0,0.0,0.0,0.10148565093392149,55098160.0,0.011707556341264391,0.01291481053541534,0.2337764273797891,0.05440544087965785,0.009128634194831444,0
1984.0,4,21125920.5,101618.44140625,5428.2757568359375,28.125782012939453,19932263.0,0.0,199555232.0,12100275.0,13556.62890625,55099868.0,298780.1875,13556.62890625,12113830.0,312336.78125,0.0,5513919.0,0.0,0.0,0.0,0.0,0.0,0.026466257346737968,0.0037193011890167805,19.66257818536638,717207.4537500001,667846.6875,44157.478525000006,15.744789173612611,0.07820516018179087,0.0,0.0,0.0,0.0,0.0,0.0,0.0,0.0,0.0,0.0,0.0,0.0,0.0,0.0,0.0,0.0,0.0,0.0,0.0,0.0,0.10182864318975376,55099868.0,0.012120658573991501,0.013016500397968287,0.21960624297684342,0.049907491476138655,0.010817256953462943,0
1985.0,5,18104931.0,101449.681640625,6131.42041015625,140.62891387939453,17278708.0,0.0,203105552.0,11233212.0,19238.03515625,55181820.0,331743.5625,19238.03515625,11252450.0,350981.625,0.0,4965241.0,0.0,0.0,0.0,0.0,0.0,0.02228512566707187,0.0037147611053368603,22.19728743910821,734645.4389000001,697069.375,119253.3178,17.75029416902373,0.5198015011565377,0.0,0.0,0.0,0.0,0.0,0.0,0.0,0.0,0.0,0.0,0.0,0.0,0.0,0.0,0.0,0.0,0.0,0.0,0.0,0.0,0.5087577845621318,55181820.0,0.012632228784770057,0.0133131788494834,0.20356726182644935,0.04490728366755875,0.012001594497486834,0
1986.0,6,15588488.75,98215.2265625,6722.0614013671875,393.7609558105469,14929530.75,0.0,206341136.0,10391097.0,25228.828125,55307880.0,360319.375,25228.828125,10416327.0,385548.25,0.0,4467161.5,0.0,0.0,0.0,0.0,0.0,0.01888679234323882,0.0035919748380393245,24.286613821271484,740833.1110500001,716785.5,156660.60852500002,19.106604560015935,1.0778880731794618,0.0,0.0,0.0,0.0,0.0,0.0,0.0,0.0,0.0,0.0,0.0,0.0,0.0,0.0,0.0,0.0,0.0,0.0,0.0,0.0,1.4213513916422418,55307880.0,0.012959916380812283,0.013394711767111668,0.18787733321183167,0.04031256858393663,0.01300637956949502,0
1987.0,7,13595974.5,85586.755859375,6975.1937255859375,1237.534423828125,13044794.0,0.0,209235280.0,9589991.0,30600.84765625,55430176.0,377110.4375,30600.84765625,9620593.0,407711.34375,0.0,4011861.5,0.0,0.0,0.0,0.0,0.0,0.01624483989984863,0.003124332909254043,25.14478646353113,761083.67445,642392.875,48657.603725,18.755608063847852,3.4186659084539905,0.0,0.0,0.0,0.0,0.0,0.0,0.0,0.0,0.0,0.0,0.0,0.0,0.0,0.0,0.0,0.0,0.0,0.0,0.0,0.0,4.456256171349266,55430176.0,0.011589226687643929,0.01373049355733599,0.1730102931659463,0.036115929835452594,0.013579426010560763,0
1988.0,8,12049169.25,73014.53515625,6665.8099365234375,1125.0312805175781,11484207.0,0.0,211663376.0,8861252.0,35522.86328125,55553232.0,376322.9375,35522.86328125,8896775.0,411845.8125,0.0,3631460.25,0.0,0.0,0.0,0.0,0.0,0.014231523513543506,0.002662725510831713,24.01074651560037,770365.182675,665343.5,60189.17455,17.92646152696579,3.2391193312758206,0.0,0.0,0.0,0.0,0.0,0.0,0.0,0.0,0.0,0.0,0.0,0.0,0.0,0.0,0.0,0.0,0.0,0.0,0.0,0.0,4.047268189779504,55553232.0,0.01197668391282797,0.01386715326796828,0.15950920731308665,0.032660188669403144,0.013538111165472906,0
1989.0,9,10424426.75,61876.716796875,7509.5836181640625,1856.3017578125,9965358.0,0.0,214045632.0,8103656.5,40501.125,55693884.0,364116.375,40501.125,8144157.5,404617.5,0.0,3258174.75,0.0,0.0,0.0,0.0,0.0,0.012175472412817094,0.002226188810530266,26.70689039182416,767552.604425,664612.1875,70876.9719,20.10195184141667,5.401580577765874,0.0,0.0,0.0,0.0,0.0,0.0,0.0,0.0,0.0,0.0,0.0,0.0,0.0,0.0,0.0,0.0,0.0,0.0,0.0,0.0,6.5922086858135645,55693884.0,0.011933306491965976,0.013781631829178945,0.14550352602450925,0.02892655759826352,0.01293071624707474,0
1990.0,10,9125100.25,64464.291015625,6778.31298828125,2925.0814819335938,8699332.25,0.0,216119344.0,7439297.5,43566.8359375,55863420.0,362456.9375,43566.8359375,7482864.0,406023.78125,0.0,2933237.5,0.0,0.0,0.0,0.0,0.0,0.010555626443600532,0.002311758543071535,24.032922338464278,784146.8161,660393.375,78189.67535,17.888415168624988,7.495358745005804,0.0,0.0,0.0,0.0,0.0,0.0,0.0,0.0,0.0,0.0,0.0,0.0,0.0,0.0,0.0,0.0,0.0,0.0,0.0,0.0,10.355059549787983,55863420.0,0.011821570806083839,0.014036856606702562,0.1331693888415711,0.025959831524157168,0.012831311521500683,0
1991.0,11,8251513.75,62270.4814453125,7059.5711669921875,3740.7291259765625,7823692.125,0.0,218072960.0,6909492.0,46323.16796875,56079176.0,353287.9375,46323.16796875,6955815.0,399611.125,0.0,2669783.5,0.0,0.0,0.0,0.0,0.0,0.00945957920459281,0.0022224454515173244,24.922701249901856,779927.948725,668690.5,133597.466875,18.212288553735988,9.337503098694846,0.0,0.0,0.0,0.0,0.0,0.0,0.0,0.0,0.0,0.0,0.0,0.0,0.0,0.0,0.0,0.0,0.0,0.0,0.0,0.0,13.184492018334018,56079176.0,0.01192404289249899,0.013907621408791742,0.12320958496251799,0.023524651251806788,0.012451909334457438,0
1992.0,12,7387545.875,53748.37109375,6131.420654296875,3965.7351684570312,6986950.5,0.0,219770912.0,6433772.5,47588.828125,56269052.0,351262.875,47588.828125,6481361.0,398851.71875,0.0,2431783.0,0.0,0.0,0.0,0.0,0.0,0.008403689332417204,0.0019107078658428245,21.56387781338203,769802.6670250001,649002.4375,99284.01222500001,16.067872462299388,10.027286232484398,0.0,0.0,0.0,0.0,0.0,0.0,0.0,0.0,0.0,0.0,0.0,0.0,0.0,0.0,0.0,0.0,0.0,0.0,0.0,0.0,13.923973847503664,56269052.0,0.011533914548622572,0.013680747047684402,0.1143394507517205,0.021345400951205046,0.012333085486900795,0
1993.0,13,6717083.5,53354.6083984375,5878.2889404296875,4556.376525878906,6309934.625,0.0,221271984.0,6001451.0,47870.08203125,56458884.0,345553.375,47870.08203125,6049321.0,393423.4375,0.0,2231696.25,0.0,0.0,0.0,0.0,0.0,0.007589170778167741,0.0018935064411276805,20.643424245495865,749552.1036250001,683428.375,148785.389425,14.101565621552819,10.616945215450746,0.0,0.0,0.0,0.0,0.0,0.0,0.0,0.0,0.0,0.0,0.0,0.0,0.0,0.0,0.0,0.0,0.0,0.0,0.0,0.0,15.974266748065492,56458884.0,0.012104886362968139,0.013276070133178688,0.10629772632416892,0.01956034087376085,0.012114806045094195,0
1994.0,14,6132432.625,42048.0458984375,5765.7852783203125,4246.992736816406,5737097.0,0.0,222584336.0,5599449.0,48376.3515625,56615680.0,333178.0,48376.3515625,5647825.5,381554.375,0.0,2053013.25,0.0,0.0,0.0,0.0,0.0,0.006887763010645996,0.0014866005948389015,20.18161239399899,738020.5328,662727.8125,104065.39525000002,13.552757436461926,10.289104406766764,0.0,0.0,0.0,0.0,0.0,0.0,0.0,0.0,0.0,0.0,0.0,0.0,0.0,0.0,0.0,0.0,0.0,0.0,0.0,0.0,14.840350253888204,56615680.0,0.011705729093071037,0.013035620746761322,0.09890279512672108,0.017934711449914133,0.011642304386412491,0
1995.0,15,5599336.75,35860.373046875,5175.144226074219,5175.1431884765625,5246161.375,0.0,223925936.0,5198853.5,47110.6875,56794616.0,313743.0625,47110.6875,5245964.5,360853.8125,0.0,1891233.75,0.0,0.0,0.0,0.0,0.0,0.006251326722153346,0.0012624600402912343,18.04960454564344,721707.5789500001,675300.0625,161160.73372500003,12.605096176308036,12.645393497813421,0.0,0.0,0.0,0.0,0.0,0.0,0.0,0.0,0.0,0.0,0.0,0.0,0.0,0.0,0.0,0.0,0.0,0.0,0.0,0.0,18.01999223116626,56794616.0,0.011890212665580836,0.012707323858831972,0.09153778766635204,0.016463321033418483,0.010924620523391949,0
1996.0,16,5233561.0,33019.669921875,5878.28857421875,4781.3822021484375,4853019.125,0.0,225103008.0,4840418.5,47138.8125,56979324.0,286432.9375,47138.8125,4887557.0,333571.78125,0.0,1743039.0,0.0,0.0,0.0,0.0,0.0,0.005812406780454928,0.0011573218830531152,20.43172548473789,721988.8367750001,660084.0,146254.06900000002,13.306713443435426,11.63910034825658,0.0,0.0,0.0,0.0,0.0,0.0,0.0,0.0,0.0,0.0,0.0,0.0,0.0,0.0,0.0,0.0,0.0,0.0,0.0,0.0,16.59191890017397,56979324.0,0.011584623222276207,0.012671067083474,0.0849504374604374,0.015121339659296339,0.009939536034586718,0
1997.0,17,4816708.75,35494.73876953125,5231.3955078125,4893.8853759765625,4428770.0,0.0,226169248.0,4563998.5,46632.55078125,57157188.0,278445.21875,46632.55078125,4610631.0,325077.78125,0.0,1622491.75,0.0,0.0,0.0,0.0,0.0,0.005324230407751986,0.0012394921854731902,18.121573390711305,716644.9381,672853.125,160316.96025,12.535999307221463,10.848917865382695,0.0,0.0,0.0,0.0,0.0,0.0,0.0,0.0,0.0,0.0,0.0,0.0,0.0,0.0,0.0,0.0,0.0,0.0,0.0,0.0,16.925097034457668,57157188.0,0.011771977393289538,0.012538141976123808,0.07984994818149556,0.014028133168565118,0.009629797153114017,0
1998.0,18,4546279.375,30263.34228515625,5653.282470703125,5343.897705078125,4184413.1875,0.0,227204272.0,4310979.0,45957.53125,57344504.0,263032.3125,45957.53125,4356936.5,308989.84375,0.0,1532264.375,0.0,0.0,0.0,0.0,0.0,0.005002414055621278,0.0010524494050334595,19.512765015836337,707082.17205,668352.875,171567.27325000003,13.323718384531565,12.252667188284422,0.0,0.0,0.0,0.0,0.0,0.0,0.0,0.0,0.0,0.0,0.0,0.0,0.0,0.0,0.0,0.0,0.0,0.0,0.0,0.0,18.415686195518383,57344504.0,0.011655046750426161,0.012330426156445612,0.07517684693898477,0.01320089822815928,0.009064396052489019,0
1999.0,19,4285497.125,27253.8837890625,5568.9053955078125,4331.3702392578125,3887742.4375,0.0,228345344.0,4095957.25,45985.65625,57588524.0,245453.6875,45985.65625,4141943.25,291439.375,0.0,1470247.0,0.0,0.0,0.0,0.0,0.0,0.004691903335896351,0.0009428106315354857,19.132839649368954,691331.7338500001,656680.75,230631.41650000002,11.919463072035052,9.480568603919272,0.0,0.0,0.0,0.0,0.0,0.0,0.0,0.0,0.0,0.0,0.0,0.0,0.0,0.0,0.0,0.0,0.0,0.0,0.0,0.0,14.857621676325452,57588524.0,0.01140297935053866,0.012004678811528493,0.07112453950026572,0.012608235090805548,0.008419640498243137,0
2000.0,20,4019568.0,27535.14111328125,4331.37060546875,4865.759521484375,3668501.875,0.0,229598912.0,3871260.75,44129.3515625,57842084.0,234287.75,44129.3515625,3915390.0,278417.125,0.0,1380413.25,0.0,0.0,0.0,0.0,0.0,0.00437672805696919,0.0009477983782535601,14.812234513735408,672487.4595750001,638877.125,241881.72950000002,9.2473891333936,10.555513818613932,0.0,0.0,0.0,0.0,0.0,0.0,0.0,0.0,0.0,0.0,0.0,0.0,0.0,0.0,0.0,0.0,0.0,0.0,0.0,0.0,16.614641266445073,57842084.0,0.011045195484312079,0.011626266086384441,0.06692809944399652,0.011783911045608386,0.007999998565866378,0
2001.0,21,3786011.3125,27394.5126953125,4697.0057373046875,4697.0052490234375,3457670.9375,0.0,230854720.0,3691761.75,42835.5703125,58108480.0,225118.75,42835.5703125,3734597.25,267954.3125,0.0,1318592.875,0.0,0.0,0.0,0.0,0.0,0.004099993398987034,0.0009383266257763457,15.988525272235181,663205.9513500001,614857.75,235975.31517500003,9.9601819454173,9.828749549689304,0.0,0.0,0.0,0.0,0.0,0.0,0.0,0.0,0.0,0.0,0.0,0.0,0.0,0.0,0.0,0.0,0.0,0.0,0.0,0.0,15.965244442756614,58108480.0,0.010581205187263546,0.01141323867617945,0.06353223746344767,0.01120482970198357,0.007651845552323081,0
2002.0,22,3661948.5,28969.55712890625,4725.1317138671875,4837.6341552734375,3297832.3125,0.0,232078480.0,3526044.75,41232.3984375,58384992.0,218424.8125,41232.3984375,3567277.25,259657.21875,0.0,1245606.5,0.0,0.0,0.0,0.0,0.0,0.003944730786757997,0.0009874726406330697,16.009653696472245,664612.2404750001,641014.75,270851.28547500004,10.22541430326812,10.291104918071191,0.0,0.0,0.0,0.0,0.0,0.0,0.0,0.0,0.0,0.0,0.0,0.0,0.0,0.0,0.0,0.0,0.0,0.0,0.0,0.0,16.367966986289446,58384992.0,0.010979101444425992,0.011383271928426404,0.06039299876927276,0.010536165724563328,0.0073903275965778005,0
2003.0,23,3493840.8125,23569.4052734375,4275.1190185546875,4978.2625732421875,3115942.875,0.0,233403488.0,3386541.0,39179.21875,58695976.0,209396.4375,39179.21875,3425720.25,248575.65625,0.0,1197145.75,0.0,0.0,0.0,0.0,0.0,0.0037422757072293625,0.0007987608565892713,14.40516642176091,688800.413425,623070.4375,262132.29290000003,9.103395219350253,10.256050951910494,0.0,0.0,0.0,0.0,0.0,0.0,0.0,0.0,0.0,0.0,0.0,0.0,0.0,0.0,0.0,0.0,0.0,0.0,0.0,0.0,16.75231807226116,58695976.0,0.010615215555832993,0.011735053411923843,0.05769630613178661,0.010071267881012185,0.007046385506166231,0
2004.0,24,3377371.9375,23260.021484375,4218.86767578125,3600.1002807617188,3000373.9375,0.0,234785584.0,3272716.0,39066.7109375,59020796.0,200171.1875,39066.7109375,3311782.5,239237.890625,0.0,1162213.5,0.0,0.0,0.0,0.0,0.0,0.00359623010063088,0.0007837139154179855,14.13814048401808,706800.9142250001,628442.4375,270007.51200000005,8.42400307352267,7.410555047742265,0.0,0.0,0.0,0.0,0.0,0.0,0.0,0.0,0.0,0.0,0.0,0.0,0.0,0.0,0.0,0.0,0.0,0.0,0.0,0.0,12.048771938903043,59020796.0,0.01064781365368234,0.011975455468696154,0.05545021791979898,0.009724205101066969,0.006699305016071945,0
2005.0,25,3254321.625,26016.34912109375,3206.3391723632812,3965.735107421875,2928653.1875,0.0,236578880.0,3156190.75,37097.90625,59449068.0,198877.40625,37097.90625,3193288.5,235975.3125,0.0,1126803.125,0.0,0.0,0.0,0.0,0.0,0.0034389392926790423,0.0008702483808794841,10.66749554152675,713551.102025,614013.9375,345947.12475,5.935128442390547,7.093096608686239,0.0,0.0,0.0,0.0,0.0,0.0,0.0,0.0,0.0,0.0,0.0,0.0,0.0,0.0,0.0,0.0,0.0,0.0,0.0,0.0,13.177742427581626,59449068.0,0.010328403087833102,0.012002729832955498,0.053090668301141404,0.009360636140355587,0.00660849795369153,0
2006.0,26,3234492.9375,21431.845947265625,3403.2197875976562,4668.8792724609375,2873864.3125,0.0,238495376.0,3097267.25,34763.46484375,59923892.0,187402.09375,34763.46484375,3132030.75,222165.546875,0.0,1115131.0,0.0,0.0,0.0,0.0,0.0,0.003390519547745865,0.0007109834736264215,11.233015418978525,737739.2749750001,612917.0625,365072.65685,6.330401865910274,9.103717178881869,0.0,0.0,0.0,0.0,0.0,0.0,0.0,0.0,0.0,0.0,0.0,0.0,0.0,0.0,0.0,0.0,0.0,0.0,0.0,0.0,15.392918179301827,59923892.0,0.010228258580066861,0.012311271019829621,0.0516866836686776,0.009191242287763952,0.006178495796065232,0
2007.0,27,3201501.25,23428.77587890625,3684.477783203125,3459.4711303710938,2873217.3125,0.0,240520144.0,3022087.0,33750.9375,60427932.0,178992.484375,33750.9375,3055838.0,212743.421875,0.0,1095555.5,0.0,0.0,0.0,0.0,0.0,0.0033276851543045808,0.000770564904297899,12.060516484104696,761364.932275,583694.375,344540.835625,6.669481838439151,5.863043913942337,0.0,0.0,0.0,0.0,0.0,0.0,0.0,0.0,0.0,0.0,0.0,0.0,0.0,0.0,0.0,0.0,0.0,0.0,0.0,0.0,11.311498445415683,60427932.0,0.009659347187323902,0.012599553005967505,0.05001142517999788,0.008955396553480766,0.005852551249738913,0
2008.0,28,2988364.1875,20616.19775390625,3684.4774780273438,4443.8731689453125,2640982.8125,0.0,242708048.0,2901315.0,31838.3828125,60958608.0,172439.1875,31838.3828125,2933153.25,204277.5625,0.0,1052354.25,0.0,0.0,0.0,0.0,0.0,0.0030781469878370083,0.000672146460009926,11.957626947812225,781052.980025,617923.4375,385885.7359,6.8161164989777046,8.433823563632783,0.0,0.0,0.0,0.0,0.0,0.0,0.0,0.0,0.0,0.0,0.0,0.0,0.0,0.0,0.0,0.0,0.0,0.0,0.0,0.0,14.407287782910968,60958608.0,0.01013677079863766,0.012812841461619335,0.047594836811234276,0.008529479776375913,0.005590575844344978,0
2009.0,29,2946541.375,20588.072265625,3768.8551025390625,3600.1002807617188,2595615.875,0.0,244719040.0,2872879.75,30994.609375,61471040.0,162538.890625,30994.609375,2903874.25,193533.515625,0.0,1053113.625,0.0,0.0,0.0,0.0,0.0,0.003010126812159773,0.0006654380882731075,12.129944981733303,779927.948725,613845.1875,363947.62555000006,6.6974038022375915,6.078408437149613,0.0,0.0,0.0,0.0,0.0,0.0,0.0,0.0,0.0,0.0,0.0,0.0,0.0,0.0,0.0,0.0,0.0,0.0,0.0,0.0,11.575265814593454,61471040.0,0.009985924876169332,0.012687729843597896,0.0467354993505885,0.00846509068614464,0.005226051269314722,0
2010.0,30,2967129.3125,23485.02978515625,3431.3455200195312,2784.4525756835938,2560121.1875,0.0,246700512.0,2850857.25,30600.84765625,61978788.0,162848.28125,30600.84765625,2881458.0,193449.140625,0.0,1061185.75,0.0,0.0,0.0,0.0,0.0,0.003006813087299146,0.0007530467651849162,10.956139347321034,794272.0978000001,581781.8125,311914.927925,6.324441851508682,4.883774333599166,0.0,0.0,0.0,0.0,0.0,0.0,0.0,0.0,0.0,0.0,0.0,0.0,0.0,0.0,0.0,0.0,0.0,0.0,0.0,0.0,8.881959556279133,61978788.0,0.00938678911404334,0.01281522474753782,0.04599730556202551,0.00846253317035375,0.005194600405492522,0
2011.0,31,2892370.875,19519.29345703125,3009.4588012695312,3065.7103881835938,2491719.1875,0.0,248887856.0,2788699.25,29503.947265625,62523324.0,158826.3125,29503.947265625,2818203.0,188330.25,0.0,1035478.75,0.0,0.0,0.0,0.0,0.0,0.0029052953019531817,0.000620644240937426,9.529824106849103,796240.9025750001,608698.125,374635.4229,4.728465076056314,4.987116597628136,0.0,0.0,0.0,0.0,0.0,0.0,0.0,0.0,0.0,0.0,0.0,0.0,0.0,0.0,0.0,0.0,0.0,0.0,0.0,0.0,9.698890255401011,62523324.0,0.009735536853414896,0.012735101904930712,0.044602543044576455,0.00818977780546339,0.0050247374329452634,0
2012.0,32,2848607.25,19575.543701171875,3065.71044921875,2812.5784301757812,2474703.125,0.0,250883088.0,2754189.0,28941.43359375,63027156.0,154466.8125,28941.43359375,2783130.5,183408.234375,0.0,1039022.625,0.0,0.0,0.0,0.0,0.0,0.002838580384900237,0.0006176230551090791,9.634389694418209,800178.5121250001,589375.75,314727.50617500005,5.018739463977575,4.2098653479600285,0.0,0.0,0.0,0.0,0.0,0.0,0.0,0.0,0.0,0.0,0.0,0.0,0.0,0.0,0.0,0.0,0.0,0.0,0.0,0.0,8.83085788450314,63027156.0,0.009351139848353621,0.012695773741163256,0.04369844960162886,0.0081557380246859,0.004849907310760542,0
2013.0,33,2810328.0,22950.638671875,2840.7040405273438,2475.0690307617188,2445789.9375,0.0,252642928.0,2688234.0,28350.79296875,63458432.0,151204.203125,28350.79296875,2716584.75,179555.0,0.0,1015847.0,0.0,0.0,0.0,0.0,0.0,0.0027809288214075798,0.0007192779045099545,8.868680316095103,769521.4092000001,598601.0,281539.08282500005,4.202895981339354,3.8438525049376633,0.0,0.0,0.0,0.0,0.0,0.0,0.0,0.0,0.0,0.0,0.0,0.0,0.0,0.0,0.0,0.0,0.0,0.0,0.0,0.0,7.72033415906389,63458432.0,0.00943296235242623,0.012126385492789991,0.04236212454792454,0.007921676321961958,0.004716421885092691,0
2014.0,34,2777702.0625,20503.69677734375,2446.9430541992188,2812.5784912109375,2399297.8125,0.0,254478416.0,2623572.75,26972.62890625,63908220.0,150557.3125,26972.62890625,2650545.5,177529.9375,0.0,999280.875,0.0,0.0,0.0,0.0,0.0,0.002728818917298668,0.0006382833987426999,7.588179994951919,763333.7370500001,604929.3125,313602.474875,3.631253175122325,4.252480143816813,0.0,0.0,0.0,0.0,0.0,0.0,0.0,0.0,0.0,0.0,0.0,0.0,0.0,0.0,0.0,0.0,0.0,0.0,0.0,0.0,8.714757392916477,63908220.0,0.009465594762301313,0.011944218397101344,0.04105219563305002,0.007740664322986512,0.004665009194470899,0
2015.0,35,2777252.0625,17719.2421875,2278.1883239746094,3009.458984375,2367065.875,0.0,256531312.0,2611703.5,25144.451171875,64429192.0,145775.921875,25144.451171875,2636848.25,170920.375,0.0,1009518.625,0.0,0.0,0.0,0.0,0.0,0.002706542956537797,0.0005472745655789658,7.01026847293949,761927.4479250001,644474.1875,426386.86270000006,3.440027432375599,4.39343940564955,0.0,0.0,0.0,0.0,0.0,0.0,0.0,0.0,0.0,0.0,0.0,0.0,0.0,0.0,0.0,0.0,0.0,0.0,0.0,0.0,9.253319600624419,64429192.0,0.010002828958339257,0.011825811006988884,0.04053602751994779,0.00776003139468598,0.004482238176989714,0
2016.0,36,2809090.5,19884.927978515625,2643.8235473632812,2981.3330078125,2375559.75,0.0,258656784.0,2622335.25,23766.287109375,64979296.0,142372.703125,23766.287109375,2646101.5,166139.0,0.0,1016831.375,0.0,0.0,0.0,0.0,0.0,0.0027150752210697866,0.0006092627764228739,8.07119257916183,758271.0962,654093.1875,462950.37995000003,3.8863610225275367,4.201646846156662,0.0,0.0,0.0,0.0,0.0,0.0,0.0,0.0,0.0,0.0,0.0,0.0,0.0,0.0,0.0,0.0,0.0,0.0,0.0,0.0,9.09495897143721,64979296.0,0.010066178425509565,0.011669426153832138,0.040356473698945586,0.007754953583062386,0.004343271584158174,0
2017.0,37,2785746.125,15750.437744140625,1940.678955078125,2587.5721435546875,2382900.5,0.0,260706016.0,2627482.25,22444.375,65503180.0,134384.984375,22444.375,2649926.5,156829.375,0.0,1048529.125,0.0,0.0,0.0,0.0,0.0,0.002671348141233534,0.0004787924617197672,5.879400478021544,741114.368875,635783.25,436512.14440000005,3.2001107573603815,3.794903832502947,0.0,0.0,0.0,0.0,0.0,0.0,0.0,0.0,0.0,0.0,0.0,0.0,0.0,0.0,0.0,0.0,0.0,0.0,0.0,0.0,7.833874489524721,65503180.0,0.009706143274265463,0.011314173890107321,0.04011228538828191,0.007936054637472928,0.004068505311022031,0
2018.0,38,2754554.625,17606.739501953125,2165.685302734375,2278.1885375976562,2356912.3125,0.0,262464736.0,2590468.75,21488.09765625,65936584.0,126903.53125,21488.09765625,2611956.75,148391.625,0.0,1035647.4375,0.0,0.0,0.0,0.0,0.0,0.0026237378275838167,0.0005316145261679121,6.518281799420013,718332.48505,662643.375,397417.30672500003,2.952188853984915,3.098663437395332,0.0,0.0,0.0,0.0,0.0,0.0,0.0,0.0,0.0,0.0,0.0,0.0,0.0,0.0,0.0,0.0,0.0,0.0,0.0,0.0,6.852462325698241,65936584.0,0.010049707382475258,0.01089429329626782,0.039287275634418674,0.007787695060192606,0.003817075068798683,0
2019.0,39,2803999.8125,17859.870849609375,2053.18212890625,1912.5532836914062,2382310.0,0.0,264007424.0,2597753.5,20784.953125,66333828.0,124681.59375,20784.953125,2618538.25,145466.546875,0.0,1044563.375,0.0,0.0,0.0,0.0,0.0,0.0026552281845112053,0.0005360649018968013,6.143478049805437,700894.4999,646386.75,362260.0786,2.9424938002012992,2.27291811799114,0.0,0.0,0.0,0.0,0.0,0.0,0.0,0.0,0.0,0.0,0.0,0.0,0.0,0.0,0.0,0.0,0.0,0.0,0.0,0.0,5.719135228919634,66333828.0,0.009744451202182996,0.01056616994725527,0.03916182102441005,0.007808931714141991,0.0037283713938530264,0
2020.0,40,2802368.5,20700.5751953125,2446.9431762695312,2250.062744140625,2366868.875,0.0,265365616.0,2568108.75,20053.68359375,66680072.0,128084.8046875,20053.68359375,2588162.5,148138.5,0.0,1029937.9375,0.0,0.0,0.0,0.0,0.0,0.0026401013649032814,0.0006183850529710999,7.286201166401511,675018.78,741170.625,434543.339625,3.8071954620706254,2.8380522136033224,0.0,0.0,0.0,0.0,0.0,0.0,0.0,0.0,0.0,0.0,0.0,0.0,0.0,0.0,0.0,0.0,0.0,0.0,0.0,0.0,6.695956874183041,66680072.0,0.011115324305588632,0.010123246117670659,0.03851388687762665,0.007662475224906456,0.0038116729440503825,0
2021.0,41,2832434.9375,18647.3935546875,1771.9242858886719,1828.1759643554688,2357812.375,0.0,266028544.0,2566027.5,19294.28515625,66848516.0,126256.640625,19294.28515625,2585321.75,145550.9375,0.0,1043719.625,0.0,0.0,0.0,0.0,0.0,0.002661777280467317,0.0005557414087271564,5.26402031861801,681206.45215,715323.0,219381.10350000003,2.409319850604182,2.3212954819087823,0.0,0.0,0.0,0.0,0.0,0.0,0.0,0.0,0.0,0.0,0.0,0.0,0.0,0.0,0.0,0.0,0.0,0.0,0.0,0.0,5.428021107730708,66848516.0,0.010700656391534556,0.010190300292530055,0.03838570627356933,0.007747246798874358,0.0037486747647143704,0
2022.0,42,2882780.0625,16537.960205078125,2475.068817138672,2671.949462890625,2375362.9375,0.0,267876416.0,2575815.25,18478.63671875,67334776.0,125778.4921875,18478.63671875,2594294.0,144257.125,0.0,1037785.0625,0.0,0.0,0.0,0.0,0.0,0.0026904011423872416,0.0004893610164913548,7.300590619408829,673331.23305,712257.3125,547608.9852750001,3.2525279873261983,2.9394220636040953,0.0,0.0,0.0,0.0,0.0,0.0,0.0,0.0,0.0,0.0,0.0,0.0,0.0,0.0,0.0,0.0,0.0,0.0,0.0,0.0,7.877026509203221,67334776.0,0.010577852260175337,0.009999754555506356,0.038253862313286674,0.007648591937929036,0.003708006199251621,0
2023.0,43,2970673.0625,20616.19873046875,1828.17578125,1518.792251586914,2452315.0,0.0,269889664.0,2629901.0,18084.876953125,67875600.0,125637.875,18084.876953125,2647986.0,143722.75,0.0,1065488.875,0.0,0.0,0.0,0.0,0.0,0.0027517477128171904,0.0006050945279340164,5.348891575630944,673612.490875,673134.375,555484.2043750001,2.4769645313342297,1.6761407280982805,0.0,0.0,0.0,0.0,0.0,0.0,0.0,0.0,0.0,0.0,0.0,0.0,0.0,0.0,0.0,0.0,0.0,0.0,0.0,0.0,4.441344683871947,67875600.0,0.009917177527712462,0.009924221529901762,0.03874589690551539,0.007789418443769213,0.0036739791610155325,0
2024.0,44,2998658.3125,18816.14794921875,1884.4273681640625,1546.9180908203125,2506063.3125,0.0,271766496.0,2631841.75,17719.2421875,68361224.0,125665.984375,17719.2421875,2649561.0,143385.25,0.0,1071198.5,0.0,0.0,0.0,0.0,0.0,0.002758487853208366,0.0005483400034682156,5.474375236772773,669393.6235000001,696310.0,535514.8988000001,2.395361266399736,1.892305234467298,0.0,0.0,0.0,0.0,0.0,0.0,0.0,0.0,0.0,0.0,0.0,0.0,0.0,0.0,0.0,0.0,0.0,0.0,0.0,0.0,4.491578355161119,68361224.0,0.010185745065067881,0.009792007578740838,0.038499043697637715,0.007775738135769108,0.003648794456204531,0
2025.0,45,3004958.5625,21122.4638671875,1856.3015747070312,1940.6790771484375,2515316.75,0.0,273469216.0,2654398.5,17016.095703125,68801600.0,126481.640625,17016.095703125,2671414.75,143497.734375,0.0,1078680.0,0.0,0.0,0.0,0.0,0.0,0.0027470720529838358,0.0006117259766229911,5.3590307337705525,666299.7874250001,722185.6875,518076.91365000006,2.6486561831849595,1.9207511117830736,0.0,0.0,0.0,0.0,0.0,0.0,0.0,0.0,0.0,0.0,0.0,0.0,0.0,0.0,0.0,0.0,0.0,0.0,0.0,0.0,5.599872590194896,68801600.0,0.010496640884805005,0.009684364715718822,0.03858047632613195,0.007781387758437469,0.003649655838715698,0
2026.0,46,3125871.0625,19434.914306640625,1884.4273376464844,1715.6727905273438,2597640.9375,0.0,274981536.0,2715263.0,16453.58203125,69204176.0,128394.1875,16453.58203125,2731716.5,144847.78125,0.0,1108971.375,0.0,0.0,0.0,0.0,0.0,0.0028418917756899867,0.0005596183927541862,5.408678257020717,664330.98265,763671.25,522577.03885000007,2.324769716746956,1.6966453558703813,0.0,0.0,0.0,0.0,0.0,0.0,0.0,0.0,0.0,0.0,0.0,0.0,0.0,0.0,0.0,0.0,0.0,0.0,0.0,0.0,4.9219949980220585,69204176.0,0.01103504577527229,0.009599579404716849,0.03923553688436374,0.007953660498138924,0.003683427003909429,0
2027.0,47,3148371.875,17072.34912109375,1968.8047790527344,1715.6727905273438,2642164.1875,0.0,276405280.0,2726541.5,16228.5751953125,69577504.0,124540.9609375,16228.5751953125,2742770.0,140769.53125,0.0,1118140.5,0.0,0.0,0.0,0.0,0.0,0.002847604679440277,0.0004889601741316128,5.621312268804566,663768.4670000001,728373.375,457887.73910000006,2.788148402498119,1.7650180542331904,0.0,0.0,0.0,0.0,0.0,0.0,0.0,0.0,0.0,0.0,0.0,0.0,0.0,0.0,0.0,0.0,0.0,0.0,0.0,0.0,4.896303540495255,69577504.0,0.010468518315920041,0.009539986760663333,0.039187112834631145,0.007977563261404827,0.0035542345331916825,0
2028.0,48,3232636.6875,20278.690185546875,2165.6852111816406,1321.9118194580078,2672061.625,0.0,277767680.0,2760826.5,16594.2109375,69942912.0,126003.5,16594.2109375,2777421.0,142597.71875,0.0,1134481.5,0.0,0.0,0.0,0.0,0.0,0.0029094787841227603,0.0005778632694189489,6.152174024901696,664049.724825,753292.8125,477013.2712,2.6486647996689316,1.2846402479009134,0.0,0.0,0.0,0.0,0.0,0.0,0.0,0.0,0.0,0.0,0.0,0.0,0.0,0.0,0.0,0.0,0.0,0.0,0.0,0.0,3.75345391751007,69942912.0,0.010770109378631532,0.009494167540879625,0.039472570144062635,0.008053154468850274,0.00357776005731526,0
2029.0,49,3243662.0,18731.77197265625,1996.9305725097656,1743.798583984375,2687812.1875,0.0,279070464.0,2811678.0,16059.8203125,70279264.0,123781.5703125,16059.8203125,2827738.0,139841.375,0.0,1162522.875,0.0,0.0,0.0,0.0,0.0,0.0029057732888565376,0.0005313428820870438,5.647210221761906,665174.7561250001,751127.125,446918.683925,2.3451703645781725,1.9059308354927826,0.0,0.0,0.0,0.0,0.0,0.0,0.0,0.0,0.0,0.0,0.0,0.0,0.0,0.0,0.0,0.0,0.0,0.0,0.0,0.0,4.929128203298168,70279264.0,0.010687748878531227,0.009464737082690565,0.04000722033742414,0.008215146437739502,0.003498885908496334,0
2030.0,50,3241355.6875,17016.099609375,2362.565673828125,1490.666488647461,2685787.1875,0.0,280315584.0,2828356.5,16341.078125,70595208.0,122094.015625,16341.078125,2844697.75,138435.09375,0.0,1167557.5,0.0,0.0,0.0,0.0,0.0,0.002890809388160881,0.00048058561332584,6.652722794409336,666299.7874250001,767524.5,443262.33220000006,2.9265657102639158,1.3703910870857685,0.0,0.0,0.0,0.0,0.0,0.0,0.0,0.0,0.0,0.0,0.0,0.0,0.0,0.0,0.0,0.0,0.0,0.0,0.0,0.0,4.195620831438532,70595208.0,0.010872189795092042,0.009438314671797555,0.04006442618598135,0.008215500593541565,0.0034364507369789004,0
2031.0,51,3251959.0,20138.0595703125,2306.3141479492188,1518.7922821044922,2723025.6875,0.0,281568032.0,2837891.25,16453.58203125,70912272.0,124175.328125,16453.58203125,2854344.75,140628.921875,0.0,1165307.25,0.0,0.0,0.0,0.0,0.0,0.0028873652460660025,0.0005663437237274517,6.466469643559307,668268.5922000001,756555.375,428074.40965000005,2.9185506452031453,1.5355225881574701,0.0,0.0,0.0,0.0,0.0,0.0,0.0,0.0,0.0,0.0,0.0,0.0,0.0,0.0,0.0,0.0,0.0,0.0,0.0,0.0,4.256443332025376,70912272.0,0.010668892050165872,0.009423877889570371,0.040019747921770155,0.008164487554464143,0.0034800364317584525,0
2032.0,52,3313498.1875,21853.73291015625,2193.81103515625,1434.4149780273438,2729747.625,0.0,282685760.0,2877436.25,16622.3359375,71207648.0,125834.7421875,16622.3359375,2894058.5,142457.078125,0.0,1176895.125,0.0,0.0,0.0,0.0,0.0,0.0029303723925640968,0.0006122000505174427,6.126892834595507,670799.9126250001,772108.9375,418230.38577500003,2.340352301022997,1.3359278543037463,0.0,0.0,0.0,0.0,0.0,0.0,0.0,0.0,0.0,0.0,0.0,0.0,0.0,0.0,0.0,0.0,0.0,0.0,0.0,0.0,4.004186648386014,71207648.0,0.010843061934864076,0.00942033519524476,0.04040908990562362,0.008213292210174056,0.003512691949600367,0
2033.0,53,3382406.4375,19294.286865234375,1968.8048706054688,1687.5469512939453,2769855.1875,0.0,283679456.0,2925109.25,16397.328125,71481216.0,125862.8671875,16397.328125,2941506.75,142260.203125,0.0,1209942.875,0.0,0.0,0.0,0.0,0.0,0.0029808348524716574,0.0005386057474219121,5.4792340206382075,674175.0065250001,793653.3125,414855.29187500005,2.452778020063256,1.6922802194297046,0.0,0.0,0.0,0.0,0.0,0.0,0.0,0.0,0.0,0.0,0.0,0.0,0.0,0.0,0.0,0.0,0.0,0.0,0.0,0.0,4.694343853565319,71481216.0,0.011102963224632329,0.009431498850341327,0.040921369468588785,0.008414414624236505,0.003501197857166065,0
2034.0,54,3451342.6875,20503.6953125,1546.9180603027344,1462.5407104492188,2850210.4375,0.0,284713632.0,2954247.5,15947.31640625,71754040.0,128562.953125,15947.31640625,2970195.0,144510.28125,0.0,1217002.5,0.0,0.0,0.0,0.0,0.0,0.003030538670782718,0.0005704078208281383,4.290047989450622,678956.3895500001,782656.125,403604.97887500003,1.8468714778298085,1.2887077214559146,0.0,0.0,0.0,0.0,0.0,0.0,0.0,0.0,0.0,0.0,0.0,0.0,0.0,0.0,0.0,0.0,0.0,0.0,0.0,0.0,4.0542523153619285,71754040.0,0.010907485139512701,0.009462274034326153,0.04117186293621934,0.008434013440061384,0.0035638437046767997,0
2035.0,55,3427801.3125,22163.1162109375,1968.8047790527344,1631.2954406738281,2850604.1875,0.0,285722496.0,2972923.25,15497.3046875,72011632.0,132163.046875,15497.3046875,2988420.5,147660.375,0.0,1232837.25,0.0,0.0,0.0,0.0,0.0,0.002999239962277944,0.000614572130619853,5.4417925600064,684862.8038750001,801809.75,396292.27542500006,2.237301061228318,1.8357575550802179,0.0,0.0,0.0,0.0,0.0,0.0,0.0,0.0,0.0,0.0,0.0,0.0,0.0,0.0,0.0,0.0,0.0,0.0,0.0,0.0,4.506983428228521,72011632.0,0.011134447695894464,0.009510446921616776,0.04128393104602879,0.00851528318677469,0.003651433377658252,0
2036.0,56,3440148.625,20222.4375,1800.0501098632812,1293.7859954833984,2848522.8125,0.0,286687776.0,3002286.5,15525.4296875,72260392.0,131572.40625,15525.4296875,3017812.0,147097.84375,0.0,1237534.375,0.0,0.0,0.0,0.0,0.0,0.002999908709920021,0.0005590289297458186,4.960145189261346,690487.960375,825182.25,411480.197975,2.0203401233173115,0.929339628120915,0.0,0.0,0.0,0.0,0.0,0.0,0.0,0.0,0.0,0.0,0.0,0.0,0.0,0.0,0.0,0.0,0.0,0.0,0.0,0.0,3.5635797531705364,72260392.0,0.011419565091758704,0.009555552374736634,0.041548162373655544,0.008521603375670376,0.0036240055513450248,0
2037.0,57,3584658.875,18872.400390625,2165.685302734375,1800.0502319335938,2963726.25,0.0,287513280.0,3077916.75,15244.1728515625,72491560.0,129603.59375,15244.1728515625,3093160.75,144847.78125,0.0,1285348.25,0.0,0.0,0.0,0.0,0.0,0.0031169506978947197,0.0005201962684728954,5.950707662889166,697238.1481750001,794890.875,354103.60167500004,2.462510597889193,1.8506948074220937,0.0,0.0,0.0,0.0,0.0,0.0,0.0,0.0,0.0,0.0,0.0,0.0,0.0,0.0,0.0,0.0,0.0,0.0,0.0,0.0,4.94397216405354,72491560.0,0.010965288579801566,0.009618197596727125,0.04245896694732463,0.008825761993164984,0.003559659327801146,0
2038.0,58,3701999.5625,19856.80224609375,2193.811065673828,1321.9118041992188,2977957.6875,0.0,288267616.0,3158609.5,15581.681640625,72713224.0,128816.078125,15581.681640625,3174191.0,144397.78125,0.0,1308636.25,0.0,0.0,0.0,0.0,0.0,0.0032105579650854713,0.000545887389893365,6.012334532230499,703707.0781500001,811907.0,357197.43775000004,2.6725446689549837,1.2126917281020169,0.0,0.0,0.0,0.0,0.0,0.0,0.0,0.0,0.0,0.0,0.0,0.0,0.0,0.0,0.0,0.0,0.0,0.0,0.0,0.0,3.621270593581789,72713224.0,0.011165878162684686,0.009677841793261706,0.043439271789131505,0.008962258213381471,0.0035288123928750117,0
2039.0,59,3734260.0625,23400.65087890625,2221.9368286132812,1687.5469970703125,3065400.75,0.0,289116448.0,3165725.5,15750.4365234375,72936232.0,129491.1015625,15750.4365234375,3181476.0,145241.53125,0.0,1316792.75,0.0,0.0,0.0,0.0,0.0,0.003229027687919713,0.0006416475576837743,6.073624743103457,710176.008125,837810.75,375760.45420000004,2.447274521308311,1.5895283409059981,0.0,0.0,0.0,0.0,0.0,0.0,0.0,0.0,0.0,0.0,0.0,0.0,0.0,0.0,0.0,0.0,0.0,0.0,0.0,0.0,4.6108945041152145,72936232.0,0.011486893784148322,0.009736944021525544,0.043404017635569656,0.008994701280282008,0.0035380929216365944,0
2040.0,60,3846706.75,23766.287109375,2278.1883239746094,1350.03759765625,3140524.75,0.0,289840128.0,3274291.0,16172.322265625,73146472.0,134441.234375,16172.322265625,3290463.25,150613.5625,0.0,1362412.75,0.0,0.0,0.0,0.0,0.0,0.003317955640359088,0.0006501746173967148,6.212342746358348,716363.680275,831623.125,353259.82820000005,2.4213762681049906,1.4245064804425227,0.0,0.0,0.0,0.0,0.0,0.0,0.0,0.0,0.0,0.0,0.0,0.0,0.0,0.0,0.0,0.0,0.0,0.0,0.0,0.0,3.6797657162675734,73146472.0,0.011369285520701532,0.00979355067562247,0.044763484970266235,0.009283740944621342,0.0036644330940461957,0
2041.0,61,3981429.3125,24131.923828125,1434.4148254394531,1350.0376281738281,3253505.9375,0.0,290628768.0,3293304.0,15469.177734375,73338592.0,134188.09375,15469.177734375,3308773.0,149657.296875,0.0,1359375.25,0.0,0.0,0.0,0.0,0.0,0.0034248410264912247,0.0006588744899083788,3.9037327054379407,723395.1259000001,839076.5,343415.80432500003,1.707259458858973,1.1627619472079715,0.0,0.0,0.0,0.0,0.0,0.0,0.0,0.0,0.0,0.0,0.0,0.0,0.0,0.0,0.0,0.0,0.0,0.0,0.0,0.0,3.6725556536461643,73338592.0,0.011441131839564087,0.009863771667446248,0.04490547077860453,0.009244892800816362,0.0036503667162239304,0
2042.0,62,4111089.0625,18478.63818359375,1659.4211730957031,1575.0438842773438,3386484.75,0.0,291318688.0,3358415.0,14934.791015625,73539024.0,128928.578125,14934.791015625,3373350.0,143863.375,0.0,1397204.375,0.0,0.0,0.0,0.0,0.0,0.0035279997746831813,0.0005033579959132816,4.506269480434907,728457.7667500001,817785.25,319790.147025,1.8971878173862153,1.1571757373259706,0.0,0.0,0.0,0.0,0.0,0.0,0.0,0.0,0.0,0.0,0.0,0.0,0.0,0.0,0.0,0.0,0.0,0.0,0.0,0.0,4.275403343281337,73539024.0,0.011120425666786114,0.009905730687287883,0.04566847392481031,0.009481660028258678,0.003499722639239628,0
2043.0,63,4152574.75,22050.6142578125,2081.307891845703,1659.4212188720703,3414357.375,0.0,291960512.0,3441414.25,14906.6640625,73733928.0,132725.5625,14906.6640625,3456321.0,147632.234375,0.0,1437283.625,0.0,0.0,0.0,0.0,0.0,0.0035557674576896206,0.0005994530094816365,5.640037423331029,731832.86065,828585.5625,319227.63137500006,2.3668454035497417,1.6688790111529828,0.0,0.0,0.0,0.0,0.0,0.0,0.0,0.0,0.0,0.0,0.0,0.0,0.0,0.0,0.0,0.0,0.0,0.0,0.0,0.0,4.494971024607526,73733928.0,0.011237507413140935,0.009925320412198846,0.0466734153916227,0.0097331349253645,0.0035952147102695856,0
2044.0,64,4229301.75,19463.04052734375,1856.3016357421875,1546.9181518554688,3462508.6875,0.0,292672384.0,3473055.75,14512.904296875,73926896.0,131375.53125,14512.904296875,3487568.5,145888.4375,0.0,1449321.5,0.0,0.0,0.0,0.0,0.0,0.0036126587109086452,0.0005280193479864304,5.020107132496362,732114.118475,862252.0625,361135.04730000003,2.154955375444133,1.4578543598161098,0.0,0.0,0.0,0.0,0.0,0.0,0.0,0.0,0.0,0.0,0.0,0.0,0.0,0.0,0.0,0.0,0.0,0.0,0.0,0.0,4.181781670185106,73926896.0,0.0116635772520464,0.009903217341561318,0.04697959657334998,0.009794871945286101,0.003551472893592436,0
2045.0,65,4299025.75,23681.90966796875,2137.5595703125,1575.0438232421875,3568008.6875,0.0,293315040.0,3528323.0,14681.6591796875,74100744.0,130897.375,14681.6591796875,3543004.75,145579.046875,0.0,1479725.5,0.0,0.0,0.0,0.0,0.0,0.0036641709115904863,0.0006414037155160608,5.771226765399423,732395.3763000001,874852.375,347072.15605000005,2.323571383300404,1.530099771550126,0.0,0.0,0.0,0.0,0.0,0.0,0.0,0.0,0.0,0.0,0.0,0.0,0.0,0.0,0.0,0.0,0.0,0.0,0.0,0.0,4.250797706096385,74100744.0,0.011806256290760049,0.009883778984729225,0.0476152169268368,0.009983871033036551,0.0035327160627103412,0
2046.0,66,4312104.25,24131.92138671875,2475.0689697265625,1687.5470581054688,3547533.1875,0.0,293923968.0,3562861.25,14962.916015625,74268600.0,134469.359375,14962.916015625,3577824.5,149432.28125,0.0,1488866.25,0.0,0.0,0.0,0.0,0.0,0.0036677038277463645,0.0006525920544967522,6.671690729746949,731832.86065,884696.4375,355791.14862500003,2.7763468142109753,1.256974279230839,0.0,0.0,0.0,0.0,0.0,0.0,0.0,0.0,0.0,0.0,0.0,0.0,0.0,0.0,0.0,0.0,0.0,0.0,0.0,0.0,4.547046154412219,74268600.0,0.011912119489259257,0.009853866380273763,0.04797264590957686,0.010029266330648203,0.0036232375298547357,0
2047.0,67,4364586.875,29307.06640625,1996.9305419921875,1518.7922973632812,3620350.6875,0.0,294524736.0,3583787.0,14850.4130859375,74437632.0,138435.09375,14850.4130859375,3598637.5,153285.515625,0.0,1500651.0,0.0,0.0,0.0,0.0,0.0,0.0037047710612326972,0.0007911765530330405,5.373008061372616,729301.5402250001,873193.0,343697.06215,2.1643207558143986,1.185194780366314,0.0,0.0,0.0,0.0,0.0,0.0,0.0,0.0,0.0,0.0,0.0,0.0,0.0,0.0,0.0,0.0,0.0,0.0,0.0,0.0,4.084881122480034,74437632.0,0.011730531675161296,0.00979748442595541,0.04814482814284044,0.010090222593261795,0.003723293185841517,0
2048.0,68,4426491.875,23006.89013671875,2278.188446044922,1265.6601867675781,3695052.625,0.0,295099648.0,3640910.5,15412.9267578125,74595168.0,138969.5,15412.9267578125,3656323.25,154382.4375,0.0,1519157.75,0.0,0.0,0.0,0.0,0.0,0.003749997589797193,0.0006201489514681531,6.120455488537753,725363.9306750001,890152.875,351572.28125000006,2.599128892963693,1.0354917405192827,0.0,0.0,0.0,0.0,0.0,0.0,0.0,0.0,0.0,0.0,0.0,0.0,0.0,0.0,0.0,0.0,0.0,0.0,0.0,0.0,3.398845507602617,74595168.0,0.011933117102169407,0.009724006931320271,0.048808932235396264,0.010198990510861717,0.003731932675982326,0
2049.0,69,4448457.875,30853.984375,1940.6791076660156,1125.0313110351562,3706584.25,0.0,295649760.0,3681327.0,15441.052734375,74744456.0,146563.4375,15441.052734375,3696768.25,162004.5,0.0,1545989.75,0.0,0.0,0.0,0.0,0.0,0.0037615943566130412,0.0008306164932776461,5.206102277501574,720863.8054750001,894006.125,349884.7343,2.335145112598707,0.9372921367200602,0.0,0.0,0.0,0.0,0.0,0.0,0.0,0.0,0.0,0.0,0.0,0.0,0.0,0.0,0.0,0.0,0.0,0.0,0.0,0.0,3.0167805316378162,74744456.0,0.011960835262484216,0.009644378246260833,0.04925217463620312,0.010363959949746393,0.003930110393932841,0
2050.0,70,4523019.25,30657.10498046875,2250.062713623047,1209.4086151123047,3770457.875,0.0,296157152.0,3712884.5,15834.8134765625,74868376.0,152272.96875,15834.8134765625,3728719.25,168107.8125,0.0,1532011.25,0.0,0.0,0.0,0.0,0.0,0.0038180905133096362,0.0008245651791085449,6.0297271800713705,716363.680275,880112.0,319790.147025,2.2093275696191625,1.118800423430763,0.0,0.0,0.0,0.0,0.0,0.0,0.0,0.0,0.0,0.0,0.0,0.0,0.0,0.0,0.0,0.0,0.0,0.0,0.0,0.0,3.239603409130079,74868376.0,0.011755457337554644,0.009568307989944914,0.04959216024667077,0.010259371411590208,0.004078886345910891,0
2051.0,71,4568948.875,31163.3662109375,2278.188446044922,1462.5407104492188,3788739.5625,0.0,296630816.0,3746466.5,15975.443359375,74976920.0,157982.5,15975.443359375,3762442.0,173957.96875,0.0,1545708.5,0.0,0.0,0.0,0.0,0.0,0.0038507031540175518,0.0008376456933390103,6.10029842421861,710176.008125,911444.0,345665.86692500004,2.5288193095911757,1.1997895195610786,0.0,0.0,0.0,0.0,0.0,0.0,0.0,0.0,0.0,0.0,0.0,0.0,0.0,0.0,0.0,0.0,0.0,0.0,0.0,0.0,3.914566359619444,74976920.0,0.012156327573872066,0.009471928269726204,0.04996826356697501,0.010342923196338477,0.004228483867082425,0
2052.0,72,4597749.5,29307.06640625,2306.314208984375,1940.6791381835938,3781089.5,0.0,296955104.0,3758167.0,15806.6875,75070856.0,157476.25,15806.6875,3773973.25,173282.9375,0.0,1540477.125,0.0,0.0,0.0,0.0,0.0,0.00387074463283177,0.000787274971634546,6.171957524243799,703988.335975,916844.25,340884.48390000005,2.3759376314074525,1.7463676334323788,0.0,0.0,0.0,0.0,0.0,0.0,0.0,0.0,0.0,0.0,0.0,0.0,0.0,0.0,0.0,0.0,0.0,0.0,0.0,0.0,5.191280807316892,75070856.0,0.012213051760059856,0.009377651641204146,0.05006159780567841,0.010301869556613255,0.004212460566760102,0
2053.0,73,4568583.125,25003.82177734375,2081.3079223632812,1603.1696166992188,3793942.875,0.0,297306944.0,3782411.25,15581.681640625,75171944.0,154551.15625,15581.681640625,3797993.0,170132.875,0.0,1549646.125,0.0,0.0,0.0,0.0,0.0,0.0038416384289026227,0.0006710290813685463,5.564864352226137,698925.6951250001,922188.125,350165.99212500005,1.8982352729208736,1.5640490640546345,0.0,0.0,0.0,0.0,0.0,0.0,0.0,0.0,0.0,0.0,0.0,0.0,0.0,0.0,0.0,0.0,0.0,0.0,0.0,0.0,4.284664524879691,75171944.0,0.012267716862557126,0.009297693500184058,0.050316794388076486,0.0103540413140678,0.00413056640773247,0
2054.0,74,4595583.875,25200.7021484375,2025.056396484375,1462.5407104492188,3833628.3125,0.0,297625600.0,3804433.5,15497.3046875,75245624.0,157166.875,15497.3046875,3819931.0,172664.1875,0.0,1568574.75,0.0,0.0,0.0,0.0,0.0,0.0038602054687164006,0.000676115204565515,5.412496266418616,692738.0229750001,918109.875,329634.1709,2.4700011062720035,1.282589045084638,0.0,0.0,0.0,0.0,0.0,0.0,0.0,0.0,0.0,0.0,0.0,0.0,0.0,0.0,0.0,0.0,0.0,0.0,0.0,0.0,3.907406554666953,75245624.0,0.012201505233048502,0.009206356278937896,0.050560196032130716,0.010476732742968467,0.004198959202734921,0
2055.0,75,4692871.0,29138.3115234375,2784.45263671875,1040.6539306640625,3916712.0,0.0,297846976.0,3813912.25,16791.08984375,75308992.0,159107.53125,16791.08984375,3830703.25,175898.65625,0.0,1559068.25,0.0,0.0,0.0,0.0,0.0,0.003938995002588174,0.0007815907059097706,7.4404655590197235,686550.3508250001,937488.5625,347634.6717,3.113543346882015,0.8221996223069595,0.0,0.0,0.0,0.0,0.0,0.0,0.0,0.0,0.0,0.0,0.0,0.0,0.0,0.0,0.0,0.0,0.0,0.0,0.0,0.0,2.779532702298849,75308992.0,0.012448560757525476,0.00911644589300837,0.050643517443441546,0.010410476187856118,0.004249679679864427,0
