year,hpv_prevalence,infections,n_infectious,n_alive,cin_prevalence,cancers,cancer_incidence,asr_cancer_incidence,hpv_prevalence_hpv16,hpv_prevalence_hpv18,hpv_prevalence_hi5,hpv_prevalence_ohr,network,seed
1900.0,0.2608568459673054,16670530.0,12961576.0,49688464.0,0.000902292333397648,99.8620834350586,0.4046170062540699,0.3576789867919047,0.12487570555612264,0.04376764393441504,0.038384487997053,0.10110169636155386,default,0
1901.0,0.3467971459806868,24444568.0,17204716.0,49610316.0,0.0027178689256892796,1248.2760009765625,5.086111515462807,5.078889897731361,0.20517696359765175,0.07447288281735596,0.030619685026799667,0.16297135660252599,default,0
1902.0,0.4140779169105326,31626826.0,20497372.0,49501244.0,0.0053854985363144476,2571.4485473632812,10.55547110170762,10.041386939910375,0.2712630413894245,0.11378445357858077,0.02655306753503003,0.2244067037992015,default,0
1903.0,0.4531120484484636,35035121.0,22383940.0,49400452.0,0.008692404356447638,3919.586669921875,16.199693113471646,15.624258936130271,0.30466709090030186,0.14811345248419994,0.023605849294658275,0.2646392385235665,default,0
1904.0,0.4729718934973625,35678006.0,23328510.0,49323248.0,0.012503446675426457,6091.58740234375,25.320155684308386,24.004433769607296,0.31449632027477187,0.16997609322078708,0.02024189992516308,0.286715627486657,default,0
1905.0,0.479027157858806,34717335.0,23621358.0,49311104.0,0.016347826120457345,7439.725830078125,31.01359130979477,29.477153903650816,0.3092436137710484,0.1796014341921852,0.01843083608511381,0.2933467277471622,default,0
1906.0,0.4717442377808375,32838754.0,23284220.0,49357720.0,0.019820678048174913,8962.6220703125,37.40770779755723,35.62641029697199,0.291999873576008,0.17838277375859338,0.016213671843026786,0.2906979090606292,default,0
1907.0,0.4575742846111604,30791054.5,22607682.0,49407676.0,0.02306354968564211,10585.380859375,44.25211848537358,42.45075186147194,0.27304554863094554,0.17089227188099274,0.01428422528920405,0.2819498937776389,default,0
1908.0,0.4417012556984694,28398234.0,21854970.0,49479076.0,0.025928001121920195,12357.931884765625,51.670351880029884,48.70762806445007,0.253062203505983,0.15996954955262302,0.012402265252487738,0.27144965277847954,default,0
1909.0,0.42410126699933604,26565690.0,21025392.0,49576348.0,0.027491647590800125,11359.311767578125,47.43649253605709,44.08741615368137,0.23527134350436624,0.14869431286064072,0.01077403634087771,0.259623843208459,default,0
1910.0,0.40594598132862253,24826840.5,20167700.0,49680748.0,0.028485170373068858,11459.17333984375,47.76263087193404,45.48877158381998,0.2168922657927775,0.13862993769739537,0.009620225524784773,0.24917962185271444,default,0
1911.0,0.38939450246004886,23432791.0,19393044.0,49803076.0,0.029149717884519963,12108.277587890625,50.362753049477625,49.1497442519671,0.2005590377590332,0.12925929514875747,0.008549913036495979,0.2387474219463874,default,0
1912.0,0.3727879373651172,22106048.0,18623112.0,49956316.0,0.029535243734746343,12582.621826171875,52.13649699432457,49.14064237592486,0.18800585695710628,0.12133959197471647,0.007454726795706873,0.2285348663420257,default,0
1913.0,0.358826681584854,21131945.0,17969812.0,50079364.0,0.029773386070366968,12632.553466796875,52.250319160185974,49.188185065355285,0.1769523870151386,0.1146574265599699,0.006674174965560665,0.22093225864449875,default,0
1914.0,0.34436378091233555,20198208.0,17284508.0,50192584.0,0.03018048585693692,13056.96728515625,53.91778965324194,50.75564738702985,0.16779112229009768,0.1089587856245855,0.005841900742747176,0.21283618313016123,default,0
1915.0,0.33417185675592237,19652786.0,16807890.0,50297144.0,0.02986017803295548,13056.967041015625,53.850675589304046,50.44743675525946,0.15953131454143799,0.10379647003416337,0.005124923817742017,0.20713925625677673,default,0
1916.0,0.32305322811109466,19024654.0,16292851.0,50433952.0,0.029491507552284732,13081.932373046875,53.82174632428363,49.72463055218846,0.15353065133583027,0.10031067959933022,0.0044536429050810854,0.20202124949478478,default,0
1917.0,0.3152379222034094,18747087.5,15941786.0,50570648.0,0.029312325155684972,11059.7255859375,45.35857392165764,41.39977500523412,0.1477355599635583,0.09833981166308171,0.003758850390843321,0.19831120218194553,default,0
1918.0,0.3076571646801761,18401239.0,15592993.0,50683016.0,0.028843844268791854,12008.4150390625,49.16334791697747,44.38170162441494,0.14377326124396386,0.09675190797643139,0.003406694710117488,0.1934555354795776,default,0
1919.0,0.3015914815275281,18090569.0,15321442.0,50801972.0,0.028452258534685006,11808.690673828125,48.24983866985651,44.09716400687739,0.1402266038019154,0.09564618869519474,0.0031348204849213335,0.19049921920353802,default,0
1920.0,0.2948803001920381,17774979.0,15017487.0,50927400.0,0.027690602012698348,12757.380859375,52.01869471282874,46.46661144856589,0.1365031495815612,0.09401889748936722,0.0026260973955081154,0.18613818887278755,default,0
1921.0,0.28939998094137687,17495839.0,14771702.0,51042512.0,0.02738467405779669,11808.69091796875,48.048393424222766,43.44322215166347,0.1325558193530914,0.09246523760429345,0.002251873368565795,0.1825905433494339,default,0
1922.0,0.28326362617817225,16894720.0,14493861.0,51167392.0,0.02673452314387616,10984.829345703125,44.551766394397895,41.03400928078749,0.1291862305587121,0.08932766203913617,0.002123909732882223,0.17833134821489435,default,0
1923.0,0.27738499706377806,16740632.75,14229077.0,51297212.0,0.026470475150899033,12308.002197265625,49.79651569161601,45.501952092715,0.12682835472617887,0.08728091304455299,0.0019175343108802873,0.175993638796588,default,0
1924.0,0.27374157984373587,16456424.0,14069796.0,51398096.0,0.025806564900735143,11559.036376953125,46.64521374122274,42.79631754836601,0.1244028572575918,0.08578647543675548,0.0016767349587229845,0.17423133728533446,default,0
1925.0,0.2685542018727164,16368422.0,13835920.0,51520028.0,0.02551868572706046,12233.10546875,49.198207843894345,46.17171390629599,0.12137202254626103,0.08384961475564416,0.001541930390158173,0.17131516310511322,default,0
1926.0,0.2645648835887503,15980707.25,13662683.0,51642088.0,0.02482921008136266,10086.07080078125,40.4646567939598,36.60788742826898,0.11963582882241322,0.08296592306647245,0.0014063084189198547,0.16767608234585712,default,0
1927.0,0.26034810820869597,15970121.0,13475767.0,51760572.0,0.024128297809992563,11234.48388671875,44.980874599010725,40.97772329566916,0.117082487032794,0.08246201375054356,0.0012685201416437206,0.16658036545654867,default,0
1928.0,0.25678701261325954,15857152.25,13319832.0,51871128.0,0.02376729436569372,10984.8291015625,43.858814484263945,39.41157131560126,0.11602436137498301,0.08217893391483601,0.0010862920005566487,0.1637273436583064,default,0
1929.0,0.2538606767886608,15736667.75,13191734.0,51964464.0,0.023539634580292224,10835.036376953125,43.163545167468726,38.71966548335109,0.1143948391346825,0.08167772114420346,0.0010953908508995686,0.16220288541800412,default,0
1930.0,0.25077411098500607,15632112.5,13059441.0,52076512.0,0.02320444233574641,12158.208984375,48.35095016998309,44.004886347115566,0.11305232001713171,0.08073733893698565,0.0009602399122372097,0.16073209741850605,default,0
1931.0,0.24941277684431462,15622351.0,13013380.0,52176076.0,0.02275986615952299,9586.760986328125,38.04111447340945,34.82535269821641,0.11292128407663313,0.08091295520192052,0.0008229958748239327,0.16008181604151298,default,0
1932.0,0.24827268207694816,15561485.75,12980101.0,52281632.0,0.02220912675637485,11034.760498046875,43.700021335656984,41.23743924932639,0.11197414418891898,0.08103896794958505,0.0007683295624264369,0.15880644276750963,default,0
1933.0,0.24622203546103458,15576590.0,12904880.0,52411556.0,0.021766449177162302,10510.484130859375,41.51553815566858,38.749298703386096,0.11176944450952764,0.08095144131954411,0.0006973561982685651,0.15753869242119048,default,0
1934.0,0.24500938154908686,15546232.0,12864786.0,52507320.0,0.021762253537634505,10435.58837890625,41.133144523071145,37.4872073872009,0.11124798409059918,0.08205333084987007,0.0007165294851984447,0.15693137642522986,default,0
1935.0,0.24487787118936555,15724460.75,12891573.0,52644908.0,0.021624520660456618,9362.071044921875,36.79157177752895,33.73046770253672,0.11187011666921329,0.08269486386033764,0.0006359354949390357,0.15632871843939777,default,0
1936.0,0.243580094282915,15619430.5,12855299.0,52776476.0,0.021435100957129787,11059.725830078125,43.333994611378714,39.9711343841585,0.1107780860548552,0.08219731268150605,0.0005222390653745052,0.1552710529592768,default,0
1937.0,0.242339167287803,15453210.75,12816577.0,52886940.0,0.02113554986893353,10385.6572265625,40.60909362297317,38.08798005764013,0.11010014003457186,0.0808667319379794,0.0005046264065263561,0.15470834576551412,default,0
1938.0,0.24109632697236738,15399934.0,12777681.0,52998240.0,0.020681880233795306,10160.966796875,39.64183554286547,35.98890786117914,0.10934508391222048,0.08070727443024522,0.0004847241227373777,0.15307249825654587,default,0
1939.0,0.2400588266628131,15490334.5,12744774.0,53090212.0,0.02006779223356396,10111.035888671875,39.36643669059913,36.95282484335643,0.10937668698704762,0.08033092804376069,0.00045049683840497754,0.1531331990160446,default,0
1940.0,0.23866140028656135,15442026.0,12698565.0,53207452.0,0.02013950265456219,10635.3115234375,41.2757037497296,38.58940016750606,0.10833192125042936,0.07978324164066342,0.0003490929739738336,0.15229512399879627,default,0
1941.0,0.23732090757582108,15356643.5,12660367.0,53347036.0,0.020023542235177782,9611.725830078125,37.21122130558238,34.92950873943773,0.10666416405964897,0.08058954765546862,0.00029763734788377,0.15256725790726217,default,0
1942.0,0.2377524498093543,15434760.0,12709100.0,53455180.0,0.019664772452110145,9836.415771484375,37.990694514173434,36.00809022356671,0.10708588952464476,0.08053906094788195,0.00033066187119283857,0.1526761297969626,default,0
1943.0,0.2355824048492895,15501244.5,12628212.0,53604224.0,0.01950777570985639,9137.381103515625,35.188719461801966,33.29300855974228,0.10749791844762084,0.07974365975338063,0.00027851127663698665,0.15135181324516517,default,0
1944.0,0.23565838615069415,15569824.75,12667234.0,53752528.0,0.019404907149213294,8837.79541015625,33.96370480960108,32.25875984456636,0.1087284676173742,0.0788789877938392,0.00027867177707437314,0.15163509146955842,default,0
1945.0,0.23720152235168607,15687386.75,12774636.0,53855624.0,0.01927002986441955,10510.484375,40.3294866497391,37.878616837666144,0.10879428302604013,0.07884898891896601,0.00023919900944908743,0.15267895698321127,default,0
1946.0,0.23627332161200854,15658077.25,12760005.0,54005272.0,0.018803612090327663,8787.86376953125,33.62451519614217,31.388536368109722,0.1083217764369375,0.07986570274102128,0.00018907225275154618,0.15197666257472048,default,0
1947.0,0.23477257032104892,15610992.25,12715890.0,54162588.0,0.019162019643922043,10111.0361328125,38.59097076805091,35.9774636380331,0.10881885850801665,0.07865839054810306,0.00019589809217111266,0.15055392109402158,default,0
1948.0,0.2348090837473643,15618507.5,12753414.0,54313972.0,0.019292292557916958,8712.966796875,33.16446044533886,30.486746563827584,0.10906805895175554,0.07829068365686825,0.00014295174994290603,0.14993802147263324,default,0
1949.0,0.23358119381327316,15518520.5,12723205.0,54470160.0,0.019274316961848666,9611.725341796875,36.51223238778568,33.83544487395281,0.1080939453822056,0.07837006537157225,0.00016179188895580626,0.14898421447632978,default,0
1950.0,0.23258710784491396,15465219.25,12705829.0,54628260.0,0.018909575439151338,9436.966796875,35.73909771465443,33.6731772218474,0.1074004187576174,0.07793349083423122,0.00013298915814989807,0.14731226108977294,default,0
1951.0,0.23244498350722276,15419058.0,12719886.0,54722136.0,0.01931863364735075,8313.519409179688,31.424045273235404,29.678539114727066,0.10722028467602215,0.07721218155665562,0.00010356271274868547,0.14772107031786916,default,0
1952.0,0.23120902431655255,15443648.25,12693996.0,54902684.0,0.019123408280069372,9561.794677734375,36.02768563889151,33.71137704609092,0.1066835275302752,0.07703147991817667,0.0001114071715396464,0.14740899552378897,default,0
1953.0,0.23152632367148426,15571522.5,12751416.0,55075448.0,0.019363769810598296,9511.863037109375,35.74037986883948,33.66807116370509,0.10658957327047072,0.07616882208565966,0.00011105769391278942,0.14886041417220974,default,0
1954.0,0.23185077687416605,15472683.5,12813606.0,55266608.0,0.01951929697258776,10210.898681640625,38.232800991507894,36.13161215062509,0.1064033909951557,0.07542924472585688,9.621823133124979e-05,0.14790778366568108,default,0
1955.0,0.23181554593208786,15550851.0,12851304.0,55437628.0,0.019752702128928185,9536.830322265625,35.599058845793486,33.24953909660916,0.1065867302259036,0.0750249722084069,6.800063128912866e-05,0.14826662497176105,default,0
1956.0,0.23100038157772104,15585377.75,12848633.0,55621696.0,0.01953802281806274,8987.587646484375,33.45304410767546,30.68819456946985,0.10589826315256551,0.07622242406991689,6.642905985204496e-05,0.1478760554154983,default,0
1957.0,0.23081597409977095,15678774.0,12891074.0,55850008.0,0.019479637102450702,9212.277587890625,34.13868791544721,32.213826277478425,0.1056039239958569,0.07598280021732495,5.140616832336667e-05,0.14782315698146364,default,0
1958.0,0.230163145972228,15653109.25,12914792.0,56111468.0,0.019517913980372725,10160.966796875,37.457833066181266,35.1134955872864,0.1052836026318185,0.07614264342540458,2.758548938137744e-05,0.14739286450320638,default,0
1959.0,0.2296748173568206,15661348.25,12956583.0,56412728.0,0.019353453139760782,9961.2431640625,36.509065888562375,34.25645054540449,0.10457885497045986,0.07612191702553367,4.5140227901006665e-05,0.14747666519513114,default,0
1960.0,0.22980518272873243,15696474.75,13033753.0,56716532.0,0.019792821359276902,9162.3466796875,33.37668013422119,31.0581316342871,0.10432063265081158,0.07573969790677611,2.5090297622018744e-05,0.14769429132232556,default,0
1961.0,0.22969907526641162,15849038.75,13092794.0,56999768.0,0.019365183091432703,10210.898193359375,37.00134513543275,35.25999340813067,0.10462261881486956,0.07547240367715181,2.4527632041195325e-05,0.14860067500625618,default,0
1962.0,0.23063374359635724,16207319.25,13219321.0,57317376.0,0.01889519492799152,9736.5537109375,35.075311412099865,32.890218370771095,0.10550114855222961,0.07642404983787116,2.7876249202881338e-05,0.14930346776516776,default,0
1963.0,0.2284520215983111,16122436.0,13171712.0,57656360.0,0.018833917400546397,10011.17431640625,35.82576256525949,34.440236736488714,0.104074624204511,0.07729149047910759,3.983650936340761e-05,0.1472755997777175,default,0
1964.0,0.2270710187667893,16127030.75,13175131.0,58022072.0,0.019131004857964585,10310.7607421875,36.65496983324533,35.11241142428995,0.10277150219661235,0.07730602933311309,3.054961570405698e-05,0.14650221384717182,default,0
1965.0,0.22703244606450484,16130101.0,13262934.0,58418672.0,0.018902967292303823,10086.070556640625,35.585614096773185,34.52238765599829,0.1033259537293145,0.07627093953796142,2.478659980734627e-05,0.1457418272020973,default,0
1966.0,0.22577430214716668,16124059.75,13260114.0,58731724.0,0.01875769345935563,10460.553466796875,36.69042381506442,36.083675650180744,0.1020602170642905,0.07654793174469049,1.1477085718813885e-05,0.14520089687815055,default,0
1967.0,0.22420987108937857,15989670.0,13248755.0,59090864.0,0.018347763297747025,9911.31201171875,34.540597150418186,33.98678939931162,0.10131318269436711,0.07496223104810246,1.0562343452759147e-05,0.14387350978655516,default,0
1968.0,0.22316934584797396,15988846.5,13253424.0,59387296.0,0.018580264763476212,10061.104736328125,34.86040873887748,34.341050315659245,0.10108869917229436,0.07426184212865998,1.0509621459921012e-05,0.14307760366796293,default,0
1969.0,0.22173889544987233,15940462.25,13227236.0,59652304.0,0.01838084229945607,11084.69091796875,38.20735023860653,37.72343915259013,0.10004155078402337,0.07286973358145563,1.004441480335047e-05,0.1421703510395843,default,0
1970.0,0.2205249852414579,15867862.25,13204416.0,59877188.0,0.018359349031243758,10460.55322265625,35.914916256959344,35.20964577140629,0.09893408822070936,0.07211197860527452,1.0006690450319118e-05,0.14170017469758267,default,0
1971.0,0.21991829690867462,15824722.0,13222592.0,60125020.0,0.01835720867953991,10710.208740234375,36.60833862899014,35.715946337350005,0.09824268665523937,0.07123466237516428,9.965443426905512e-06,0.14101270985024206,default,0
1972.0,0.21913754433535076,15751947.75,13204990.0,60258912.0,0.018174718669664695,9686.6220703125,33.02017506813757,33.02795304810472,0.09754297422429399,0.07056181996780825,9.94330075776281e-06,0.14071430629215476,default,0
1973.0,0.21986770299935818,15966352.0,13268278.0,60346644.0,0.018339535288266,10086.0703125,34.2880138569473,33.63666996487772,0.09818098583907997,0.07160684859293916,1.4065864172229798e-05,0.1402462082232775,default,0
1974.0,0.22050691662373312,16059073.5,13317659.0,60395652.0,0.01829310106900943,10860.001953125,36.894353320664464,36.36651655668596,0.09869367748526003,0.07217127153458,5.787126413491136e-06,0.14090002704168175,default,0
1975.0,0.22199804595677092,16206495.5,13408658.0,60399892.0,0.018087950645195194,10011.174072265625,33.99869113199877,33.15816111924609,0.09999165230295445,0.0727080853058479,9.920091998700304e-06,0.14221116488089083,default,0
1976.0,0.22291778309562604,16293100.25,13456119.0,60363596.0,0.01833792768780699,9561.795166015625,32.47171510305031,31.963645855158614,0.10075610803571079,0.07362613055723188,5.79019965856936e-06,0.14235747320288872,default,0
1977.0,0.22569126314811222,16589990.5,13619119.0,60344024.0,0.018567776873281885,10385.656982421875,35.27644539627244,34.19302876193353,0.10318382148330048,0.07406910748941768,9.929276266885392e-06,0.14411519854890684,default,0
1978.0,0.22734115329140264,16905355.0,13722874.0,60362472.0,0.018562212872949808,9611.725830078125,32.642246764789455,31.829476801101613,0.1040303485251565,0.07573475453424107,9.92624167796777e-06,0.1460051205325057,default,0
1979.0,0.22947053004947118,17049656.5,13858813.0,60394740.0,0.018797758777310304,10535.44970703125,35.76822271635533,33.89186099949588,0.10606931994408784,0.0771468839836052,9.920938236534548e-06,0.14703495701778002,default,0
1980.0,0.2259437872151538,17146721.5,13661908.0,60465960.0,0.010225609796499438,5841.9317626953125,19.77983131027516,19.12393287531182,0.10591755261968883,0.07871994424631644,1.9405623241107477e-05,0.14194884196000526,default,0
1981.0,0.22506372023304305,16944026.5,13618919.0,60511392.0,0.010762862405264126,6615.86328125,22.386687193398572,20.939081402307302,0.10579346778206655,0.07882133995529304,3.0530593817255934e-05,0.14059546010774301,default,0
1982.0,0.22655107803525953,17124177.5,13715685.0,60541248.0,0.011405597396688795,5692.1387939453125,19.2518904676293,18.20147461568569,0.10715573620153981,0.08019154147598676,3.8350608516888765e-05,0.14151498826056574,default,0
1983.0,0.2273781980678389,17228683.0,13775428.0,60583768.0,0.010416008107755611,5916.8287353515625,19.984145662025043,19.104931665464925,0.10770525200743539,0.08200323558613917,3.9147851702363167e-05,0.14093808097244792,default,0
1984.0,0.227430140101269,17180899.5,13795875.0,60659836.0,0.010829692347318278,5916.8289794921875,19.962431763251157,17.827033518394998,0.1079134223178579,0.08246712041885507,6.585054727872162e-05,0.14017032621057532,default,0
1985.0,0.22481937912339792,16949693.5,13645432.0,60695088.0,0.00958791876580909,4294.069641113281,14.489539731444316,12.913504466453269,0.10769650749991498,0.08141929047042488,6.169903114729811e-05,0.13849666055348664,default,0
1986.0,0.22531751239963638,16978653.5,13688622.0,60752588.0,0.010012786753594748,5167.863037109375,17.418669646481725,15.84469781511459,0.10729541266620608,0.0814396252551414,9.492655983128653e-05,0.13720715074722414,default,0
1987.0,0.22369030453122501,16728000.5,13616223.0,60870868.0,0.009966965288132302,5217.7938232421875,17.55222440654102,16.18559191004616,0.10601235388987718,0.08072400084717044,0.00013124448661242189,0.13625314165061683,default,0
1988.0,0.22244687806579894,16606417.5,13568263.0,60995520.0,0.009887698596471666,4718.4835205078125,15.841071161971481,14.142650847816215,0.10540646263856755,0.08066462913997619,0.00014448323545934193,0.13413161327258133,default,0
1989.0,0.2208160322911186,16495146.0,13493642.0,61108072.0,0.009725069805709618,5217.794677734375,17.49170481226606,16.249791720967494,0.10405204733017923,0.0799865768960932,0.00015729063648191191,0.1332664365519501,default,0
1990.0,0.21869793315290295,16286359.25,13395377.0,61250588.0,0.009225156896408508,4918.2078857421875,16.44698258335627,15.05174111897482,0.10280113555807824,0.07901502921082161,0.00011249659222659218,0.13191045610860094,default,0
1991.0,0.21631080342776277,16104236.0,13276092.0,61375076.0,0.009143279987872635,4968.138732910156,16.58758730489347,16.270526605915315,0.1008817569529364,0.07806481575680656,0.0001488777115221006,0.1306272028078629,default,0
1992.0,0.2142669370196753,15727831.5,13184568.0,61533376.0,0.009199658248020295,4543.724670410156,15.135534120554176,14.590819520580643,0.09989151253459586,0.07674013367964728,0.0001338886732025316,0.12835503288491762,default,0
1993.0,0.2123462571782131,15507709.25,13086803.0,61629544.0,0.008967188069426165,4943.1737060546875,16.437292108829762,16.16732943008509,0.09799374793362092,0.07456454651035549,0.00019241786049885426,0.1267835114924751,default,0
1994.0,0.20883421563440305,15334374.5,12891073.0,61728740.0,0.009205037529491155,4144.2767333984375,13.765101644949619,13.445531726640926,0.0968676503035701,0.07243547333057503,0.00019210866731707952,0.125050195419508,default,0
1995.0,0.20621216344472687,15061202.25,12742554.0,61793416.0,0.009009432570701604,4993.1043701171875,16.5633920369529,16.29387259493381,0.0948956681728034,0.07140294687705888,0.0001442337054060096,0.1237670531112894,default,0
1996.0,0.20522576090598302,15065545.25,12701511.0,61890432.0,0.009075751961810884,4344.0006103515625,14.399916451972656,14.55302860792251,0.09445768612505404,0.07063996580279162,0.00017708496903649017,0.12353472504441397,default,0
1997.0,0.20273718925451542,15057257.75,12566822.0,61985776.0,0.00895844046539989,4743.449157714844,15.702555425749537,15.73246050148652,0.09347788111904899,0.07029206184334935,0.00018768716504109748,0.12275989736742184,default,0
1998.0,0.20050318486206153,14771276.75,12437150.0,62029688.0,0.008678255686636743,4144.276306152344,13.70929404399488,13.537912823161221,0.09218575305424719,0.06968768728935086,0.0001718576807981446,0.12065255753019426,default,0
1999.0,0.19936924199548076,14744039.5,12374612.0,62068812.0,0.008510647548836707,4019.4488525390625,13.293346880460797,13.467298949520194,0.09089523898089108,0.06990119288895041,0.00020835163836992724,0.12059902967048894,default,0
2000.0,0.19924439017681153,14720447.75,12377409.0,62121744.0,0.008413866173190667,4593.656677246094,15.184588498993449,15.645698780121535,0.09069000058980958,0.06971222507854899,0.00022987566710538584,0.12043638858561344,default,0
2001.0,0.1984877381504653,14633642.0,12337762.0,62158812.0,0.008429189999144186,4393.931884765625,14.529205991566865,14.803501597835401,0.09054834413501983,0.0693180075578021,0.00018555816664115942,0.11945043286863333,default,0
2002.0,0.19792537408164002,14589503.75,12311499.0,62202732.0,0.008565641003045993,4543.724853515625,15.023874666682415,15.61207499675926,0.08924903812906482,0.06972500821989619,0.00017137959948246325,0.11945881251646631,default,0
2003.0,0.1970440459968988,14628624.25,12266836.0,62254284.0,0.00864916066787544,4493.7938232421875,14.850894533682318,15.41613924832971,0.0884400501658649,0.0700366098500145,0.0001335413243408277,0.11896327488080981,default,0
2004.0,0.19649120899060266,14667445.75,12249809.0,62342784.0,0.008870551342299257,4294.069763183594,14.17459969832439,14.037578892711378,0.08837137430372054,0.07047460376488801,0.00015137227028552333,0.11821132338267087,default,0
2005.0,0.19554462329787195,14654413.75,12205570.0,62418336.0,0.008636925199299648,3919.5866088867188,12.938538137019906,13.194267277117453,0.08770124054572682,0.06980293418908187,0.00012839067239642932,0.1177970764872681,default,0
2006.0,0.195996588689127,14657733.5,12260420.0,62554252.0,0.00879360219068178,4319.035461425781,14.234697448345502,14.860221219034699,0.08847731885595883,0.06976900626994949,0.00017919679519747114,0.11753633470031741,default,0
2007.0,0.1955763968513433,14721471.25,12262741.0,62700516.0,0.008879052759119651,3769.79345703125,12.393095560767321,12.61327529927459,0.0888920674911192,0.0694294684911365,0.00014135071384918906,0.11735532607100076,default,0
2008.0,0.1950303429309109,14736850.0,12255901.0,62840996.0,0.008685389941303892,4418.897216796875,14.505007337282512,14.962790657454574,0.08838148427819317,0.0693322715636143,0.00013189725203432485,0.11799758075126626,default,0
2009.0,0.19408971354913795,14628623.5,12231335.0,63018976.0,0.008801324919733766,4019.4487915039062,13.162592358750977,14.024939956869124,0.08782010358276847,0.06850101785214663,0.00013984408529087335,0.11697818606255996,default,0
2010.0,0.19194493521268527,14516579.25,12131399.0,63202496.0,0.008636214098469581,4468.828369140625,14.5912656813906,14.684527577933398,0.08619441232194375,0.06696026688566224,0.0001414130420824282,0.11625457007267562,default,0
2011.0,0.18979511099705187,14073416.0,12034082.0,63405648.0,0.008335035733979684,4843.311218261719,15.753387263411664,16.44598544541918,0.08360462619986156,0.06544322754969716,0.00013820376717958155,0.11565647117114866,default,0
2012.0,0.1861033990270161,13684952.25,11833235.0,63584196.0,0.008335084832911883,4169.241882324219,13.521519070229498,13.494162446969636,0.08018910076334063,0.06238535280056069,0.00015430645924087018,0.11457822789801415,default,0
2013.0,0.18266058087534426,13125724.75,11635932.0,63702480.0,0.008390293072340262,4568.690612792969,14.793052744093112,15.358566944711338,0.07550503528277078,0.05938585122588634,0.00012893779373365842,0.11325128158275785,default,0
2014.0,0.1781338751813423,12413183.75,11369225.0,63824048.0,0.007923054688272516,4518.75927734375,14.61312981556037,14.257796637270273,0.07015289910787231,0.05486825671101275,0.00012790984553492674,0.11223604149959275,default,0
2015.0,0.17561498980730336,11997508.0,11229494.0,63943824.0,0.0080170073548012,4219.1727294921875,13.620208937754377,13.1092754183386,0.06446022058361726,0.0506772944952432,0.0001565620439160786,0.11362422585174137,default,0
2016.0,0.17093114794437475,11422500.75,10947658.0,64047180.0,0.008121115640168593,3370.34521484375,10.864873492005133,10.801375444680945,0.05876102585625159,0.046351385025851254,0.00014578480221533562,0.11355116649944619,default,0
2017.0,0.1674859405739931,10873634.75,10736573.0,64104324.0,0.007908515842962534,3644.9658813476562,11.737435772828912,11.976787398672633,0.0532948799210487,0.04220174367644841,0.00012579281362127772,0.1136322176956425,default,0
2018.0,0.16536437261613046,10368082.25,10602559.0,64116344.0,0.008124550144011823,4468.828369140625,14.386406473869984,14.23311735977948,0.04827708984779294,0.038301606841463075,0.00018417597905594086,0.11490869629122959,default,0
2019.0,0.16245540986438736,9992575.75,10418938.0,64134140.0,0.007851744590719566,3620.0003051757812,11.651457781006293,11.16868472052883,0.043406382310575926,0.03412617289325155,0.00020631327728687092,0.11587141419531002,default,0
2020.0,0.16110916813732915,9680282.0,10315106.0,64025568.0,0.007633519369945206,4019.4486083984375,12.948364222446358,12.521620884387675,0.039196208302283236,0.030852084748393016,0.00020900273082602718,0.11848976490142188,default,0
2021.0,0.16060434203854113,9455742.0,10271840.0,63957424.0,0.007794588064902128,2896.0003051757812,9.337088099425312,8.066143240548302,0.03556442485863721,0.028076029140885975,0.00017838808185113896,0.12069030485030166,default,0
2022.0,0.15981290625229552,9242536.75,10208004.0,63874716.0,0.008024322373098958,3020.827880859375,9.743769100114006,8.850972572242934,0.03194858823325336,0.025365478728703858,0.00020089761839900001,0.12321474744404343,default,0
2023.0,0.15969178687852217,9066555.0,10185436.0,63781840.0,0.008263123193656775,2920.9658813476562,9.43225671416342,8.225322717797027,0.02865237777712277,0.023371723048441373,0.00018240192920214438,0.1257235131504516,default,0
2024.0,0.1594303555482905,8947144.25,10151182.0,63671576.0,0.008370508161433076,2945.9314575195312,9.524845479613742,7.807030936873953,0.02601024238822045,0.021117244687017013,0.00017291536721680172,0.12799936034251766,default,0
2025.0,0.16084556029009178,8887227.25,10220686.0,63543476.0,0.008450938356351868,2796.1382446289062,9.052099061832315,6.823242140212663,0.02344446422792483,0.019614584430351276,0.00020508796140023878,0.1314881247604396,default,0
2026.0,0.16144025914553378,8873571.0,10237663.0,63414560.0,0.008542953526003497,2296.827880859375,7.448811935326576,6.254324757733868,0.021285506041514756,0.017763184038492107,0.00018227730597279238,0.1343844694341489,default,0
2027.0,0.16382233655275125,8894392.0,10366435.0,63278520.0,0.008834717039236474,2097.1036987304688,6.814308620409093,5.92906059459956,0.019235504401809652,0.016143144822287247,0.00020397401563950927,0.1387161709850357,default,0
2028.0,0.16542460393589378,8847307.5,10443954.0,63134224.0,0.00909566473514347,2147.0347595214844,6.991299736870607,5.698134957100393,0.017403916297442732,0.014643379080734405,0.00018901828049612996,0.14249208163230137,default,0
2029.0,0.16723946678609233,8939954.75,10533729.0,62985904.0,0.009210124353398639,2621.379638671875,8.548587076417423,6.756610798081472,0.016100421849942807,0.013530775473191588,0.0001569613037446442,0.14579601810589238,default,0
2030.0,0.16990668487863497,9028832.0,10677806.0,62845120.0,0.009494201037033155,2271.8623046875,7.426539174868641,5.872495396768748,0.014864876342029421,0.012383623621054426,0.00018233994590590328,0.1500816610740818,default,0
2031.0,0.17292603223297773,9060662.75,10841305.0,62693308.0,0.00995515263488146,2047.1726684570312,6.707405910940034,5.83616129138802,0.013427469802678142,0.011416874429404809,0.00014933126975948534,0.15459610138932212,default,0
2032.0,0.17595334017010242,9184791.0,11006227.0,62551964.0,0.009892696634635016,2172.000244140625,7.132665350408261,5.599294232573812,0.012396159535454395,0.010569404343563057,0.00017321657733040965,0.15857858595774865,default,0
2033.0,0.1775355702462769,9142699.75,11079201.0,62405528.0,0.010345693491546973,1722.6209259033203,5.669292086058312,4.1733684698907245,0.011387910418769312,0.009548066398861332,0.0001864246968734084,0.1615150503974584,default,0
2034.0,0.17989215101441253,9233474.25,11197687.0,62246668.0,0.010235107317670343,1772.5518798828125,5.84823602639439,4.157632202365009,0.010709077231250353,0.008883389147833584,0.0001504027856659733,0.16492126132759427,default,0
2035.0,0.18201060435426367,9331139.25,11300895.0,62089212.0,0.010578930784439973,2271.862274169922,7.512941406488231,5.3358572899237355,0.009952962923736252,0.008507445101735225,0.00017249713102334105,0.16775123510989318,default,0
2036.0,0.18477657833878233,9457489.75,11443773.0,61933028.0,0.010832565029159285,1947.3105773925781,6.453523315502145,5.133167315479705,0.009247636414612249,0.007991156693485098,0.00011810980643831511,0.17151320293914904,default,0
2037.0,0.186159694143754,9515010.5,11503016.0,61791120.0,0.010892674544890136,1872.4140014648438,6.221705327894183,4.720735913109591,0.008601414936320948,0.007465683378129414,0.00016120835999068313,0.17377532564549728,default,0
2038.0,0.18750553826054184,9468150.0,11561959.0,61661960.0,0.011219644948316199,1822.4829711914062,6.068005554211988,4.2825849957074915,0.007992681488716869,0.006938381256450492,0.00020122398370689157,0.175805796637019,default,0
2039.0,0.18902504297352118,9566289.75,11626045.0,61505316.0,0.011332765973639605,1497.9311828613281,4.9954735773094265,3.6663161175309114,0.007503622735634754,0.006338665506571822,0.0002147255005668941,0.17808216772677016,default,0
2040.0,0.19087653625892695,9527094.0,11715123.0,61375396.0,0.011945304764347912,1697.6553649902344,5.675722700326548,4.049807386085679,0.006846305623021968,0.005729321994924481,0.00017165596984498478,0.18083181084485386,default,0
2041.0,0.19179173417961912,9530364.75,11739190.0,61208008.0,0.012203108450653442,1697.6553802490234,5.690860723686018,4.131265919503396,0.006265444976578881,0.005376674936063921,0.00014031075152065887,0.18256058913075557,default,0
2042.0,0.19330045015943967,9650797.5,11795911.0,61023712.0,0.011943761978739175,1622.7588195800781,5.455352384680689,3.9730605780545756,0.005992261356536292,0.005054985838947326,0.00013214311317623549,0.1844705874332915,default,0
2043.0,0.19473026254420717,9527693.75,11849088.0,60848724.0,0.012188308122968772,1423.03466796875,4.796908631562078,3.3716774744138984,0.005606179597126802,0.0045254810930792895,0.00011406014940890543,0.18658683787683042,default,0
2044.0,0.19603091849420054,9612101.5,11890856.0,60658064.0,0.012161937660445607,1922.3450927734375,6.503339172892487,4.349697350841377,0.005004787986639336,0.0043075749376043386,9.919028127385503e-05,0.18842124601932564,default,0
2045.0,0.19803587719989904,9655416.25,11975239.0,60470048.0,0.01209116959941775,1647.7243347167969,5.595524084643592,3.9851024027803734,0.004664878676795494,0.004080685273724274,8.2984370173747e-05,0.19079310140451683,default,0
2046.0,0.19899521938109405,9634520.75,11996110.0,60283408.0,0.012188380094230053,1398.0691223144531,4.763851795576372,3.174936592209699,0.004367062948730437,0.0038709282992096267,9.732191126910077e-05,0.19217521676943017,default,0
2047.0,0.20016922973277398,9705796.75,12027442.0,60086368.0,0.012342561526202604,1497.9311828613281,5.120466845013298,3.12418673465553,0.004115052560673995,0.003662579401537467,0.0001030424778243794,0.193585723137734,default,0
2048.0,0.20120567246562615,9721600.25,12049386.0,59885916.0,0.012357025814694778,1947.310546875,6.678355094808477,4.701124131084956,0.004015433904359082,0.0034184547978693353,0.00011922901324369823,0.19487192948672605,default,0
2049.0,0.20269438538631165,9709867.0,12100117.0,59696360.0,0.012635281753964998,1997.2415771484375,6.8752778331308395,4.721666956335591,0.003758021479450338,0.003184239374058988,0.00010204284525524253,0.19689172003117109,default,0
2050.0,0.20360488869985852,9686648.25,12113323.0,59494264.0,0.013117328927166057,1398.0691223144531,4.828192227070965,3.190416912669427,0.0035513210882817206,0.002973911695083748,8.644356027488212e-05,0.19818411401811778,default,0
2051.0,0.20464377481565704,9716282.25,12129451.0,59271048.0,0.013241524138436444,1822.4829406738281,6.3203777441832605,4.119625583450126,0.0032285701169819034,0.002867593656349724,0.00011372652681436474,0.199548403463357,default,0
2052.0,0.20652698274502698,9746390.75,12190940.0,59028316.0,0.01346987881997439,1697.6553649902344,5.9155984000775845,3.9416719518727645,0.0030312215962589885,0.0026890621866969746,0.00010277476968902942,0.2017532399196345,default,0
2053.0,0.207240454756438,9690967.75,12181802.0,58781004.0,0.013715124970449228,1697.6553344726562,5.9446988716975975,3.914346198060587,0.0027789488973342475,0.002496934426298673,9.768579059412204e-05,0.2027639235287645,default,0
2054.0,0.20791296447253269,9666801.0,12172267.0,58545012.0,0.013605398535298343,1123.4484100341797,3.9507533406733777,2.1685640545004854,0.0027087021521150258,0.0023176632878647288,8.869803693470505e-05,0.20363283895133544,default,0
2055.0,0.20976096042584355,9812724.25,12229163.0,58300472.0,0.013910011582698518,1597.7932739257812,5.644833101716063,3.868694287916379,0.0024370091077478757,0.002113273789189906,7.408232763482173e-05,0.20582303347389708,default,0
2056.0,0.21165181730143193,9781617.0,12293149.0,58081944.0,0.014113249772773293,1672.6897888183594,5.934107057661137,3.7608755264241402,0.002352904469330434,0.0020563198554011896,7.73698704104799e-05,0.20780783439342182,default,0
2057.0,0.2124795768009476,9744568.25,12286408.0,57823948.0,0.014457655047199357,1398.0691223144531,4.984267246288702,3.2102743560822447,0.00210737459071456,0.0019502174676398782,6.346732665995713e-05,0.20891852628257068,default,0
2058.0,0.2147357493535366,9781117.75,12362703.0,57571704.0,0.01454257239143639,1672.6898498535156,5.992093067441756,3.7067879086454623,0.001915397861942735,0.0017866061587737615,5.42052773971546e-05,0.2114912561907148,default,0
2059.0,0.2153318868839364,9751234.5,12346226.0,57335800.0,0.014672999819718547,1972.2760314941406,7.094286280824503,4.47854184943334,0.0018427246807404798,0.0016306721215191904,5.442830108844518e-05,0.21225037411181147,default,0
2060.0,0.2181578103850058,9846927.5,12457722.0,57104176.0,0.014769517989698708,1747.5863952636719,6.314303328043091,4.086376503544187,0.0018139120530344401,0.0015397924334815724,7.563431361394655e-05,0.21514118336984672,default,0
2061.0,0.21840868677717457,9865426.75,12420273.0,56867120.0,0.01512289311068777,1672.6898193359375,6.0697518933245025,3.9601433675246507,0.001656403944405836,0.0014649933586402828,5.926703267168049e-05,0.2156033926107037,default,0
2062.0,0.21861723621369608,9819290.0,12374262.0,56602408.0,0.014957411563054204,1922.3450622558594,7.010296942213581,4.450105973071718,0.0014947801558195192,0.0013637829407805407,4.807643419268267e-05,0.21603789365286366,default,0
2063.0,0.21960410486858223,9767511.5,12380654.0,56377152.0,0.01526766741151693,1972.2760925292969,7.225239553641558,4.191818459267199,0.0014462844529198637,0.001274909065777214,5.40253160895969e-05,0.21713489535618968,default,0
2064.0,0.2203457550437807,9738801.25,12373188.0,56153512.0,0.015229843199662325,1797.5174255371094,6.616794429427142,3.8199797928054844,0.0013333376859848054,0.0011683933611311792,4.490400924995795e-05,0.2180614455601637,default,0
2065.0,0.22200141104685694,9694513.0,12421597.0,55952784.0,0.015290929900272377,1722.620849609375,6.367332699460374,3.44271126276448,0.0011868629997481448,0.0011565222675068321,5.2650313890100624e-05,0.21984318063601624,default,0
2066.0,0.22153472470226987,9674340.5,12346949.0,55733696.0,0.01493507727620539,2147.034698486328,7.969728941026851,5.200994565602654,0.001065208519680805,0.0010602812098627014,5.464904852230238e-05,0.2196085829297953,default,0
2067.0,0.22269678455257258,9674839.5,12363901.0,55518992.0,0.015478259933236803,1198.344955444336,4.4669477621686795,3.0929500979713502,0.0010374010561557026,0.0009159887743909327,3.282630121052765e-05,0.22091384512168377,default,0
2068.0,0.22162603617182974,9653518.5,12256176.0,55301156.0,0.015484938270380449,1672.6898498535156,6.263407810198718,4.184310216098645,0.0009846053218128027,0.0009010876282586209,4.15330942629843e-05,0.21989970697900058,default,0
2069.0,0.22207894927677993,9532960.75,12237402.0,55103836.0,0.01540890436479573,1922.3450317382812,7.2274527846589836,4.404668755749531,0.0008748652214974653,0.0008363548297254659,3.669812162243342e-05,0.22048869701194668,default,0
2070.0,0.22376638718582081,9593701.75,12285710.0,54904180.0,0.016231232101559474,1947.3105163574219,7.349648306994378,4.386449198032433,0.0007952892316213446,0.0007784648921539307,4.774462779831836e-05,0.22234587603348233,default,0
