AgeGrpStart,PopTotal
0,838.27
1,881.11
2,928.818
3,877.575
4,792.983
5,777.133
6,755.127
7,702.179
8,657.013
9,651.244
10,672.146
11,681.717
12,674.063
13,659.544
14,643.569
15,624.802
16,614.826
17,622.638
18,630.923
19,633.762
20,642.65
21,659.748
22,679.331
23,701.574
24,718.952
25,732.2
26,750.048
27,780.715
28,820.174
29,827.226
30,743.322
31,637.461
32,625.289
33,677.322
34,730.888
35,765.894
36,776.827
37,778.16
38,778.266
39,779.969
40,782.717
41,782.901
42,770.648
43,756.695
44,744.232
45,729.917
46,716.536
47,705.557
48,699.828
49,691.272
50,662.709
51,634.699
52,617.122
53,603.095
54,585.726
55,568.642
56,555.711
57,548.132
58,536.436
59,516.826
60,501.768
61,499.994
62,487.029
63,468.35
64,451.859
65,432.007
66,418.29
67,413.551
68,404.001
69,380.107
70,352.266
71,337.096
72,322.483
73,301.639
74,276.447
75,249.281
76,226.633
77,207.414
78,182.658
79,151.533
80,136.004
81,118.239
82,100.756
83,83.555
84,68.215
85,55.416
86,44.117
87,34.135
88,26.193
89,19.842
90,14.473
91,9.992
92,7.179
93,4.979
94,3.363
95,2.157
96,1.298
97,0.815
98,0.478
99,0.272
100,0.299
