scen,year,genotype,R0_all,sigma_f,sigma_m,delta_f,R_mf
novacc,1995,hi5,1.1981502907855186,0.6446749219573819,0.9994807556727812,0.5716947135856656,0.726986647803691
novacc,1995,hpv16,2.538650951403458,0.2303683151398613,0.7778346782540878,0.6056567572934426,0.8358147945290391
novacc,1995,hpv18,2.319788634811445,0.2840338988169364,0.8538768636209934,0.5990201661283359,0.8837691891456441
novacc,1995,ohr,2.5670210594474154,0.2764245833952962,0.7248744792799293,0.5569271621442726,0.8571224714721133
novacc,2000,hi5,1.194083591993937,0.6450641602934098,0.9997407519544592,0.5864475855447796,0.7339927707680485
novacc,2000,hpv16,2.5335108597131613,0.2280761749683522,0.7896726053549245,0.5730687830695713,0.8135717335059086
novacc,2000,hpv18,2.3115816256535235,0.2784637034091617,0.859182229358436,0.5930598908835553,0.8701798857906324
novacc,2000,ohr,2.564049044313059,0.2740715378594252,0.7287243432587597,0.5211024632365396,0.8267106013072105
novacc,2005,hi5,1.2059853066740018,0.6509130624745137,0.9998258367080172,0.5869155303815788,0.7450781767363285
novacc,2005,hpv16,2.549122731644016,0.2321152124310035,0.7927805352174748,0.6019936945222119,0.8481786661195072
novacc,2005,hpv18,2.318659620100917,0.2826889171191017,0.8583244500082549,0.5787110270136834,0.8682931544108741
novacc,2005,ohr,2.583917834736404,0.2735097769677906,0.7187036075342826,0.5524374773000807,0.8510375046883001
novacc,2010,hi5,1.1936233274064412,0.6545640515163177,0.9999518886931524,0.5762503922351355,0.7326403380703345
novacc,2010,hpv16,2.542580749946557,0.2359936064433284,0.7885695215938594,0.6170332321163063,0.8615078377214243
novacc,2010,hpv18,2.308386962703726,0.2885945320894276,0.8578173265172474,0.6122401772514783,0.8982218768272449
novacc,2010,ohr,2.5509913685348065,0.2750245569965464,0.7216562279603386,0.5821059135501107,0.8667993791799831
novacc,2015,hi5,1.1812887434100203,0.651574167896965,0.999976627868929,0.5651232570527349,0.716432460857366
novacc,2015,hpv16,2.478783376332749,0.2311923780829931,0.7952818269911979,0.5976919855472692,0.8215937986951379
novacc,2015,hpv18,2.254632613987224,0.2834484800981353,0.8647943787386748,0.5925320114655034,0.858713216929552
novacc,2015,ohr,2.504470720077974,0.276437012789553,0.735654959748517,0.5255700765835511,0.8183645957795335
novacc,2020,hi5,1.1633984499264896,0.6551033197240553,0.9999769351416182,0.5555299584012371,0.7017588576670182
novacc,2020,hpv16,2.4468232430176764,0.2368606867039026,0.7980134818098777,0.580879017231498,0.8107108475156635
novacc,2020,hpv18,2.2232122232713447,0.2881020071063787,0.8679458677755392,0.5821399354473815,0.8481345856087769
novacc,2020,ohr,2.476297028011306,0.2821580317720465,0.744049159464453,0.5680327529346454,0.8550496080835928
novacc,2025,hi5,1.153878757438837,0.6612119188293065,1.0,0.6045557281649863,0.7295296868741977
novacc,2025,hpv16,2.4303804080241167,0.2479488214172358,0.800454655043843,0.6350409489597492,0.8623530888079677
novacc,2025,hpv18,2.220670200428568,0.3019363854354498,0.8749583755890405,0.6272747327146053,0.9039132908110993
novacc,2025,ohr,2.4694813329933223,0.2927383973714736,0.7533302168314631,0.5828385440349987,0.8854005205931337
novacc,2030,hi5,1.1575090820672616,0.6652758959617211,1.0,0.5697342963467721,0.7124823405609848
novacc,2030,hpv16,2.449032542825373,0.2530113036776179,0.8040941577798408,0.6173581657952146,0.8676855960538726
novacc,2030,hpv18,2.231923700509028,0.3043006978109334,0.8726745188363941,0.632888071967662,0.9145678182734333
novacc,2030,ohr,2.476259519521755,0.2986634325285129,0.7527688713430926,0.6193472204240368,0.9233379301643045
novacc,2035,hi5,1.1501307058777188,0.6655610288371688,1.0,0.5757461549252733,0.711867906582504
novacc,2035,hpv16,2.424634309732976,0.2495755327451581,0.8001400110490282,0.5997244139973393,0.8382762840682835
novacc,2035,hpv18,2.2156068035828174,0.3031106265343071,0.8688699279551707,0.5867339161948127,0.8704444220607748
novacc,2035,ohr,2.469659416191384,0.2937215489498385,0.7482667629322658,0.5913282444874896,0.8897654537854265
novacc,2040,hi5,1.1406019114363324,0.6601796162855974,1.0,0.5925055103248472,0.7129580267814943
novacc,2040,hpv16,2.38155885127439,0.2453065262239089,0.8089805455860203,0.5837012142424429,0.8105778704211022
novacc,2040,hpv18,2.155447613178313,0.2991620952972999,0.8750914704292888,0.5825174215687899,0.8414899112240688
novacc,2040,ohr,2.412661467774889,0.286755309096681,0.7512663691450386,0.5671692059795141,0.8433168364840333
novacc,2045,hi5,1.1312059833754162,0.6590011052559475,1.0,0.5551001310573155,0.6841063955492476
novacc,2045,hpv16,2.3449898245338376,0.2489149423712985,0.8185332084832789,0.5963307196959263,0.8171448658339316
novacc,2045,hpv18,2.1377891185918663,0.2974096726106017,0.8778034097240607,0.605288280751806,0.8497892298014885
novacc,2045,ohr,2.3975994240740617,0.2897626729590474,0.7574518574820094,0.5773635043776354,0.8534198240623642
novacc,2050,hi5,1.116559121956715,0.6581935647340208,1.0,0.578450817380538,0.6883538214766702
novacc,2050,hpv16,2.325012519269942,0.2474511944317476,0.8241773470371084,0.6142114583766638,0.8228349225375023
novacc,2050,hpv18,2.114871776549617,0.2973953773635647,0.8838097867729404,0.5824548545275442,0.8274414917826636
novacc,2050,ohr,2.374457399259197,0.2916317387843136,0.7690913387399488,0.5557809595941595,0.8381876585890318
vacc,1995,hi5,1.1981502907855186,0.6446749219573819,0.9994807556727812,0.5482127479836744,0.7121028430124806
vacc,1995,hpv16,2.538650951403458,0.2303683151398613,0.7778346782540878,0.6102123997655213,0.8390711150220983
vacc,1995,hpv18,2.319788634811445,0.2840338988169364,0.8538768636209934,0.559219669164735,0.8535150009615059
vacc,1995,ohr,2.5670210594474154,0.2764245833952962,0.7248744792799293,0.5531773318543637,0.8543121117132527
vacc,2000,hi5,1.194083591993937,0.6450641602934098,0.9997407519544592,0.5825156837567661,0.7315498476450295
vacc,2000,hpv16,2.5335108597131613,0.2280761749683522,0.7896726053549245,0.5624416278443404,0.8060186656751609
vacc,2000,hpv18,2.3115816256535235,0.2784637034091617,0.859182229358436,0.5906683972511604,0.868508471513615
vacc,2000,ohr,2.564049044313059,0.2740715378594252,0.7287243432587597,0.5325156869199551,0.8359524811647098
vacc,2005,hi5,1.2059853066740018,0.6509130624745137,0.9998258367080172,0.5449989681133416,0.7181658408357507
vacc,2005,hpv16,2.549122731644016,0.2321152124310035,0.7927805352174748,0.5950891439071647,0.8429275865630506
vacc,2005,hpv18,2.318659620100917,0.2826889171191017,0.8583244500082549,0.6169652728320485,0.8961498114183549
vacc,2005,ohr,2.583917834736404,0.2735097769677906,0.7187036075342826,0.5449510521423984,0.8454418284100141
vacc,2010,hi5,1.1936233274064412,0.6465299635797431,0.9999761034243794,0.5761462325990901,0.7281629413904294
vacc,2010,hpv16,2.542580749946557,0.2278340877507931,0.784244775125727,0.6194384432494013,0.8455282128456366
vacc,2010,hpv18,2.308386962703726,0.2759084954793444,0.8558526793755941,0.6111604697069385,0.8763995080481936
vacc,2010,ohr,2.5509913685348065,0.2759411995362289,0.7247529741668912,0.5713024881871833,0.8619764399328274
vacc,2015,hi5,1.1812887434100203,0.6084767137167938,0.9999763727435972,0.5559310346898644,0.686974294694636
vacc,2015,hpv16,2.478783376332749,0.2082528424501062,0.8177657320441597,0.5486997623576304,0.7577833764657348
vacc,2015,hpv18,2.254632613987224,0.2517433035562391,0.8862914490675458,0.5694722678798416,0.803462126642451
vacc,2015,ohr,2.504470720077974,0.2757583975999373,0.7310762920027908,0.5665058862863107,0.8461787201033479
vacc,2020,hi5,1.1633984499264896,0.5606253562762262,0.9996056955082748,0.5617019819598325,0.6526023485203385
vacc,2020,hpv16,2.4468232430176764,0.2056380319759571,0.8751622936847975,0.5922268707078365,0.7985646176187939
vacc,2020,hpv18,2.2232122232713447,0.2444315587294817,0.926573942556789,0.5607825460751656,0.7922322573818743
vacc,2020,ohr,2.476297028011306,0.2766297433775399,0.7292063202332105,0.5710737856863143,0.8401842964359454
vacc,2025,hi5,1.153878757438837,0.5386601709501078,0.9653711696104648,0.5761179667164948,0.6314358181806904
vacc,2025,hpv16,2.4303804080241167,0.2194237187771982,0.8726976064862932,0.6060253634304448,0.8278452856584159
vacc,2025,hpv18,2.220670200428568,0.255682292408572,0.9134981888275782,0.5962299607221676,0.8286191754650511
vacc,2025,ohr,2.4694813329933223,0.2808329917072371,0.716600628796345,0.625200191377986,0.8757014529945419
vacc,2030,hi5,1.1575090820672616,0.5392461085945184,0.927207303882864,0.6339488790628997,0.6515758257940405
vacc,2030,hpv16,2.449032542825373,0.2314959874673705,0.8318165212858303,0.6288589099641558,0.8520755516670752
vacc,2030,hpv18,2.231923700509028,0.2662280541425061,0.8637280894532836,0.6660059451715735,0.8732249325611464
vacc,2030,ohr,2.476259519521755,0.2796947360233862,0.6938567886297897,0.593343773165373,0.840272482613635
vacc,2035,hi5,1.1501307058777188,0.5421753861866955,0.9022655431536504,0.6385969802710877,0.6427251444995077
vacc,2035,hpv16,2.424634309732976,0.2442159790479944,0.7910526626670061,0.6596636533503167,0.8652987231426575
vacc,2035,hpv18,2.2156068035828174,0.275979025980532,0.8166440497992373,0.672933062299036,0.8624459525936773
vacc,2035,ohr,2.469659416191384,0.2707451834170414,0.664409946953575,0.6152442147770673,0.8215287498239527
vacc,2040,hi5,1.1406019114363324,0.5376358326664032,0.8846781111084191,0.6541083477083718,0.6361581750876794
vacc,2040,hpv16,2.38155885127439,0.2466764361942186,0.7609361777308967,0.7055298869923664,0.8665075519163208
vacc,2040,hpv18,2.155447613178313,0.2757934183487425,0.7830476171793445,0.6578368961812374,0.8122695202798581
vacc,2040,ohr,2.412661467774889,0.2642216965190814,0.6374737189599893,0.5918208083850053,0.7617702607489178
vacc,2045,hi5,1.1312059833754162,0.5348503478764416,0.8624912336458229,0.6736453299279357,0.6305545485767199
vacc,2045,hpv16,2.3449898245338376,0.2550926026099074,0.7295390778820304,0.7153241936111231,0.8554864808653982
vacc,2045,hpv18,2.1377891185918663,0.2816985906657729,0.747044828744951,0.6888610547303919,0.8137219106352077
vacc,2045,ohr,2.3975994240740617,0.2614697490041113,0.6213230112608611,0.6387975194250604,0.7722127379012511
vacc,2050,hi5,1.116559121956715,0.5345843147384274,0.8416532066130671,0.6969762442827182,0.6251634853940483
vacc,2050,hpv16,2.325012519269942,0.261330938004062,0.6933983912011589,0.7382340994985737,0.8503301514482867
vacc,2050,hpv18,2.114871776549617,0.2863662540136105,0.7076230981796053,0.726798126850032,0.8114753913693212
vacc,2050,ohr,2.374457399259197,0.2630766602694964,0.6093199371312858,0.6067669996684748,0.7401899997205742
