year,prev_hpv16,prev_hpv18,prev_hi5,prev_ohr,scen,seed
1950,0.09963487079383873,0.04231481546779549,0.03766318409961669,0.09128195093421901,vacc,0
1951,0.1878228081431021,0.07643028211415617,0.03148589596314918,0.1574294997080996,vacc,0
1952,0.2707094969344166,0.12272097499190719,0.02794292219265222,0.23072732413676825,vacc,0
1953,0.3249642579120614,0.16697085310772417,0.02648843371018284,0.2908301885301289,vacc,0
1954,0.34466502945740923,0.19846728279907844,0.024120652000837784,0.3195127128766238,vacc,0
1955,0.34154691022385114,0.21438347864374444,0.021218344138104934,0.328444337703573,vacc,0
1956,0.32744099600255105,0.20779158461859917,0.01840759837536634,0.31706845317279664,vacc,0
1957,0.30999371639791734,0.2006497561530433,0.016195509970867644,0.31639433969270947,vacc,0
1958,0.28767785223075343,0.19025799710110927,0.014661201516640032,0.3046057559624841,vacc,0
1959,0.26357445867973395,0.17195896197280225,0.012998848267629898,0.2892843614166553,vacc,0
1960,0.24019842458284735,0.15973483832743235,0.011924067818577518,0.274062816925712,vacc,0
1961,0.22772747317527486,0.14655541244308684,0.009198236608338312,0.2628609216485189,vacc,0
1962,0.21188558172772567,0.13897924081577917,0.008341581667017026,0.25524295387109713,vacc,0
1963,0.20389167086223453,0.13241967254935494,0.007483980220514251,0.24659716837764398,vacc,0
1964,0.1918304577842048,0.12398345790497174,0.006691760804584915,0.23844047268574547,vacc,0
1965,0.1824810693308445,0.11565442631528276,0.006876500038228838,0.23052429261491314,vacc,0
1966,0.17268102016584697,0.10536934023399946,0.006373515183598438,0.22256866933209402,vacc,0
1967,0.1637034988665257,0.09947118166112547,0.006245441378630819,0.21476115380432428,vacc,0
1968,0.1558176459224651,0.09666591552862167,0.005715583178199888,0.2086641138874995,vacc,0
1969,0.15119221148358372,0.09402094811109427,0.005690030169499668,0.20511197090322258,vacc,0
1970,0.14629430818528422,0.08949450196936476,0.00580140258019461,0.20102536810436816,vacc,0
1971,0.1430108027980255,0.08443508735069356,0.0051987638605534015,0.19782187662102288,vacc,0
1972,0.13889386756072797,0.08336312483872503,0.0047802006725859575,0.1931290153217035,vacc,0
1973,0.13452455167472388,0.08559842730435972,0.004277693725241677,0.18875321216548466,vacc,0
1974,0.13161406636126133,0.0850600248032609,0.0038683854171416066,0.18568251783304304,vacc,0
1975,0.12940810725079144,0.08347046083104287,0.003602081118927606,0.18246095188369185,vacc,0
1976,0.12949288673781628,0.0818505350760262,0.0029804266130947998,0.18447505859148236,vacc,0
1977,0.1274579767422267,0.08337041624237831,0.0027137640037431464,0.18702730428314193,vacc,0
1978,0.12699190408422262,0.08479479577817105,0.0023591205038587895,0.18543574918778752,vacc,0
1979,0.12662960233404352,0.08476084159531753,0.0023136819181615513,0.18843158960162687,vacc,0
1980,0.1279338649057174,0.08614864925018566,0.0022670696878247945,0.18736662348477903,vacc,0
1981,0.13222370416937199,0.08433200017351938,0.002263648405826269,0.18490898766376782,vacc,0
1982,0.13282429543421442,0.0829707924266393,0.0022640504398395004,0.18147916405422648,vacc,0
1983,0.13382784494333982,0.08425867451987085,0.001954339531434451,0.1821089104035029,vacc,0
1984,0.1313140432699659,0.08350703809832931,0.0015521753808418945,0.17974190560427372,vacc,0
1985,0.126267783329071,0.0823774347499917,0.001594402058577694,0.1794144962551478,vacc,0
1986,0.12736183062721718,0.08295074669114542,0.0011036553183159411,0.18148509114530836,vacc,0
1987,0.12583161790705263,0.08155262779116933,0.0011895844979419473,0.18086089704117467,vacc,0
1988,0.1255110666362007,0.08348354415793235,0.0010550841542189666,0.17782563870739074,vacc,0
1989,0.12856579590877326,0.0833442857329409,0.0010954821909989318,0.1802725483580036,vacc,0
1990,0.12673656705761796,0.08335517501812897,0.0006989951372211357,0.18012231110165386,vacc,0
1991,0.1255607402584344,0.08401202149240034,0.0007839379189219148,0.17621184337295676,vacc,0
1992,0.1282941972294912,0.08461772241641857,0.0007814873649863718,0.17505318497352246,vacc,0
1993,0.12518397809642887,0.0800363670132596,0.0006925807331335553,0.16920613425383296,vacc,0
1994,0.1243142976890628,0.07559068637984682,0.0005183361862702749,0.16154812176185077,vacc,0
1995,0.1213297200889246,0.0749795190303595,0.00043116459025271985,0.1585823397152995,vacc,0
1996,0.11926566282464225,0.07652952167367716,0.0003869469943016469,0.15882025451018011,vacc,0
1997,0.12103795838556636,0.07793265881323919,0.0003431267302116793,0.16054045079577217,vacc,0
1998,0.1254918759812935,0.07737381964669562,0.0003421727843989901,0.1617194273135089,vacc,0
1999,0.12366211792854381,0.07385612564615152,0.0003411368443282996,0.15628333239960482,vacc,0
2000,0.12372011096274449,0.07622043158168744,0.00033989038806915307,0.15609465978177764,vacc,0
2001,0.12035549020600973,0.07596276160752831,0.0002115954247050066,0.15624208175799092,vacc,0
2002,0.11745617539820766,0.07510114927890772,0.00016857720239201948,0.16132839849861713,vacc,0
2003,0.11697306423525652,0.07454042886446863,0.0002098547763823447,0.16192395495252682,vacc,0
2004,0.11820459850930938,0.07365344971820843,0.00016701461502666225,0.1621711915992027,vacc,0
2005,0.11954043979724527,0.07623709714067128,0.0001244348628525315,0.1658301734731507,vacc,0
2006,0.12008896811007198,0.07791781406368378,0.00012354831897951597,0.16283666895013355,vacc,0
2007,0.11873136310486744,0.07781910542379487,0.00012261414099629724,0.1624228494096963,vacc,0
2008,0.11800966224945209,0.076929313239448,8.110628955057379e-05,0.16561903715503581,vacc,0
2009,0.12072434868725189,0.07762575411851709,4.024144690743105e-05,0.16386317580527962,vacc,0
2010,0.11846885146512685,0.07835389309520718,3.9915377675755504e-05,0.16337363532701948,vacc,0
2011,0.11755865436943277,0.07555081069683671,7.911079361677524e-05,0.15976425506246247,vacc,0
2012,0.11460339596951691,0.07272227410168017,3.928809846343104e-05,0.15782030109809247,vacc,0
2013,0.1104996111420741,0.06826698567441898,3.9032005201633356e-05,0.15698672254680554,vacc,0
2014,0.10620155450360345,0.06507752769851083,3.875968850859062e-05,0.16124029910150192,vacc,0
2015,0.09807692319542971,0.0598076946304223,3.8461536121495387e-05,0.16176922523734116,vacc,0
2016,0.09378458163126449,0.0549811181465939,3.815482963834659e-05,0.15880039435056806,vacc,0
2017,0.08801909496158114,0.05236435202450473,7.578053545787777e-05,0.16073052189406292,vacc,0
2018,0.08364060237492119,0.04699375434793355,3.762510296318265e-05,0.16295431007563144,vacc,0
2019,0.07668138225616584,0.04339043999696507,7.48110988517095e-05,0.16600583157823828,vacc,0
2020,0.07122379676638656,0.041587547408174184,7.446293409742946e-05,0.16742990205695954,vacc,0
2021,0.06834118774547639,0.0372500236589422,3.7101620298010015e-05,0.16896078155829444,vacc,0
2022,0.06435552611983028,0.03459340153119608,0.0,0.1701272437584136,vacc,0
2023,0.06037860189181708,0.03331990825441571,0.0,0.1748379692070215,vacc,0
2024,0.05818604993850564,0.03167503158621902,0.0,0.17819478203353023,vacc,0
2025,0.05461441293036705,0.028535309769016755,0.0,0.17955570093213472,vacc,0
2026,0.05095152702953658,0.02642729126342951,0.0,0.18355475276955036,vacc,0
2027,0.04907668994583493,0.02521698926896613,0.0,0.18927028809444343,vacc,0
2028,0.04735326813993183,0.023569981234170284,0.0,0.19115503209147125,vacc,0
2029,0.04257877200042247,0.021183293158632405,0.0,0.19188739237765934,vacc,0
2030,0.04112531467644627,0.019541563156657196,0.0,0.19601423186001424,vacc,0
2031,0.038151621777029264,0.017586881032563072,0.0,0.19913117564156307,vacc,0
2032,0.0352567442195001,0.01693021931262536,0.0,0.20689777927817732,vacc,0
2033,0.03432685513745804,0.014224604072587296,0.0,0.21100408228313636,vacc,0
2034,0.03163328794608955,0.013096806033705579,0.0,0.21575081137470056,vacc,0
2035,0.030441084317788497,0.012459446730041337,0.0,0.21874784337076505,vacc,0
2036,0.030293653878849323,0.01120968320410208,0.0,0.22405612482977694,vacc,0
2037,0.028240454997226966,0.010418808789694197,0.0,0.22479265393084438,vacc,0
2038,0.025913643195015604,0.009435573607322084,0.0,0.2282315217316287,vacc,0
2039,0.025143090498206847,0.008653583130455193,0.0,0.2327609622428315,vacc,0
2040,0.024286684043167358,0.008389946339854355,0.0,0.2377377626883685,vacc,0
2041,0.02286275396900166,0.008298333782582261,0.0,0.24044847217015505,vacc,0
2042,0.021922712405088668,0.008850155087557049,0.0,0.23817728999248902,vacc,0
2043,0.021192008897146782,0.007782758161385886,0.0,0.24271421276283345,vacc,0
2044,0.020186753208886354,0.007490261592019217,0.0,0.24338305429022192,vacc,0
2045,0.019298421442071372,0.006633832370712034,0.0,0.24592085265661792,vacc,0
2046,0.017823105899389055,0.006286574266503537,0.0,0.24711586185968404,vacc,0
2047,0.016844562224256128,0.005937291623890304,0.0,0.25063377601279374,vacc,0
2048,0.016277212686224483,0.005259303204355502,0.0,0.24978365741788128,vacc,0
2049,0.015312053042202714,0.00484937028309518,0.0,0.25063937781878104,vacc,0
2050,0.013888889442113642,0.004209759610921369,0.0,0.24847522406399153,vacc,0
2051,0.012213690264629762,0.003905733764395201,0.0,0.2495366043824349,vacc,0
2052,0.011903581925190374,0.0036041403841245243,0.0,0.2513308835659786,vacc,0
2053,0.011029289901491855,0.003335204376837094,0.0,0.2535416013695102,vacc,0
2054,0.01038781168694755,0.003429626854595722,0.0,0.2533636680942698,vacc,0
2055,0.009423704360857195,0.003229101657238394,0.0,0.25325383365737575,vacc,0
2056,0.009124748086209934,0.0032282505373026106,0.0,0.2584247561006891,vacc,0
2057,0.008756625657192407,0.0027981694903699687,0.0,0.2594726162798057,vacc,0
2058,0.008358837128820362,0.002665613590246847,0.0,0.2584657910008193,vacc,0
2059,0.007335286796645167,0.002236768180858756,0.0,0.25696521949024004,vacc,0
2060,0.007137454594483841,0.0020721633406397075,0.0,0.2634937278624394,vacc,0
2061,0.006644081811770737,0.0021379468037699646,0.0,0.2620464797339414,vacc,0
2062,0.00565770834497181,0.0020722996325447628,0.0,0.2619979424931039,vacc,0
2063,0.005462682414277192,0.0019086478937965041,0.0,0.2682308827032528,vacc,0
2064,0.004967594648017776,0.001447511291883206,0.0,0.2725926743117883,vacc,0
2065,0.004968575691613607,0.0011187523313717848,0.0,0.26827020497171633,vacc,0
2066,0.00473730945791265,0.001217225484089015,0.0,0.27328353729437244,vacc,0
2067,0.004505096683684195,0.0010851693072216188,0.0,0.27467934995704435,vacc,0
2068,0.004636479650973185,0.0010522507600433009,0.0,0.2773009708512801,vacc,0
2069,0.004307934803729978,0.0009536650555306924,0.0,0.2798184390729872,vacc,0
2070,0.0038131558171621872,0.0008218006577224228,0.0,0.28125306790406696,vacc,0
2071,0.0038131558171621872,0.0007889286478722387,0.0,0.28549354333913524,vacc,0
2072,0.003910358666721632,0.0006900629977356257,0.0,0.28315587512704166,vacc,0
2073,0.0030223387877852254,0.00045992115787268136,0.0,0.2901116662233044,vacc,0
2074,0.002859114224298617,0.00042722406029787653,0.0,0.28952643801335054,vacc,0
2075,0.0023991059797758675,0.00032864467272617387,0.0,0.28966740616426323,vacc,0
2076,0.0020712095808396638,0.00032876353208489907,0.0,0.28704342922291065,vacc,0
2077,0.001709963791135455,0.00029595526560589604,0.0,0.2832949544147383,vacc,0
2078,0.0015789472516134883,0.0002631578838470831,0.0,0.28315788785754836,vacc,0
2079,0.0015136061862399224,0.0002632358260190436,0.0,0.2855450586766953,vacc,0
2080,0.001316222404388568,0.0002632444860263084,0.0,0.2878578334349279,vacc,0
2081,0.0012512761145497353,0.0001975698728266513,0.0,0.2894069508117567,vacc,0
2082,0.0011857318265278251,9.881097695479775e-05,0.0,0.2881327873615778,vacc,0
2083,0.001087673013164946,9.887936483317692e-05,0.0,0.28704679487301354,vacc,0
2084,0.0009230871298485029,6.593479038358076e-05,0.0,0.2886295346423918,vacc,0
2085,0.0007918439763175979,6.598699587548567e-05,0.0,0.28872609293228313,vacc,0
2086,0.0007598782661008363,3.303819039914338e-05,0.0,0.28772960832463007,vacc,0
2087,0.0006943295539852246,6.612663188739951e-05,0.0,0.2877500376912626,vacc,0
2088,0.0008270751123095895,6.616600820831337e-05,0.0,0.28643265969886283,vacc,0
2089,0.0007284525935461892,6.622297188058831e-05,0.0,0.28684480279467056,vacc,0
2090,0.0007291527500682102,6.628662248198722e-05,0.0,0.2891753876963121,vacc,0
1950,0.10743594408108413,0.04123298874813253,0.03542834577135768,0.08842074746163123,vacc,1
1951,0.19266875864600747,0.08031590341730722,0.029454131783875417,0.15223763428443826,vacc,1
1952,0.2721327788531496,0.12895714444240006,0.02605895167303714,0.22576168660571735,vacc,1
1953,0.31851600862026647,0.16887859464645816,0.023286794464285755,0.2746559011617819,vacc,1
1954,0.3417149420027134,0.19364501383225882,0.021854436819570344,0.30581476560384074,vacc,1
1955,0.3415314061169444,0.21259534958052845,0.019704677025696306,0.31962648268254984,vacc,1
1956,0.32998831982223337,0.20834957097883636,0.01812159165544373,0.32078138945334195,vacc,1
1957,0.3113728928763416,0.19938916725095127,0.015512895611546939,0.3157844066344283,vacc,1
1958,0.28491514840761095,0.18537808239542716,0.013020832126035553,0.3061825004639887,vacc,1
1959,0.2642994530037435,0.17005761343322184,0.013291746001933108,0.29285030809478807,vacc,1
1960,0.2420163506619125,0.15781183951103273,0.011408660468049609,0.28378445402994873,vacc,1
1961,0.22944134123633209,0.13909704850259572,0.009200417949095534,0.2714123449326754,vacc,1
1962,0.21203696152521792,0.1298425918374744,0.007917805951237488,0.25954378779366544,vacc,1
1963,0.1970058354165183,0.12210526611673082,0.00706432661279744,0.24828070714604283,vacc,1
1964,0.1850785009075045,0.11144662396042633,0.007107683750589403,0.23808418858081332,vacc,1
1965,0.1773583310990044,0.10314750519490717,0.005953479487899205,0.2317242122825929,vacc,1
1966,0.16850221333151388,0.09953192788056597,0.005873714825387671,0.225541488349277,vacc,1
1967,0.158682360495435,0.09800164577743758,0.005109955530785154,0.2170818561919178,vacc,1
1968,0.1525616124029655,0.09506737249102633,0.004537822514492011,0.20955665680053917,vacc,1
1969,0.14815318300468233,0.09441885349323116,0.00460579780719873,0.20884134607036817,vacc,1
1970,0.14482386686211987,0.0916003037905483,0.0035542351282366047,0.20407611602515327,vacc,1
1971,0.1372215085967489,0.08929931750765498,0.0037208048961522907,0.19800958108037933,vacc,1
1972,0.12980168217707008,0.08665356372862856,0.0033946753489286136,0.19077184313230425,vacc,1
1973,0.1274291481351352,0.08281334355959655,0.002986271826323487,0.18265287977856426,vacc,1
1974,0.12233641266377943,0.08100893884660568,0.002535699811307885,0.18377151586194096,vacc,1
1975,0.12283668359618641,0.07799084023879534,0.002268986122248953,0.18240869642698032,vacc,1
1976,0.12201958173917153,0.07984875297411954,0.0025355868574937833,0.17967081718324268,vacc,1
1977,0.12466076806557962,0.08319616858237548,0.002535925387596899,0.181340924886394,vacc,1
1978,0.12567309240366814,0.08370789645294982,0.002091584861666013,0.17854120704119486,vacc,1
1979,0.12404893971856144,0.08703003571127632,0.001735261682283132,0.17601779703898812,vacc,1
1980,0.12615015718348951,0.09058985418160927,0.0018669155960163897,0.17504554265284253,vacc,1
1981,0.12512766597430375,0.09213622062615447,0.0016873143380930083,0.1766795349984761,vacc,1
1982,0.12904946344522575,0.09092120863414667,0.001777540664802038,0.1772208009154589,vacc,1
1983,0.13246212066988705,0.09219006977521134,0.0014668622540128776,0.1827799239568206,vacc,1
1984,0.13328602224439892,0.09215546340175486,0.0018635194840028544,0.1871949648612885,vacc,1
1985,0.13375825730525526,0.09011640894536971,0.0016819371502944794,0.18895233722072313,vacc,1
1986,0.1306248737937084,0.08686243977651563,0.0013247958502681481,0.18560387207624154,vacc,1
1987,0.12954077017534923,0.08440843389796454,0.0011888512670515656,0.1811457030992611,vacc,1
1988,0.12839441696300646,0.08585992189738015,0.001318217914329935,0.17967307473113636,vacc,1
1989,0.12621020287638313,0.08279670149877892,0.0007885398517264588,0.18035660415472574,vacc,1
1990,0.12716788428814044,0.08164780868730658,0.0007863351414696667,0.18063865668323914,vacc,1
1991,0.1284999019767214,0.08264750759244363,0.0007838013496122325,0.17731329704960397,vacc,1
1992,0.13064236509519378,0.07999131962553911,0.0006944444218076111,0.17335067669716706,vacc,1
1993,0.1293939561874011,0.08233766286011225,0.0006493506620178077,0.17103894215870227,vacc,1
1994,0.12845543954436675,0.0803386363625354,0.0006478922112896135,0.171216307107183,vacc,1
1995,0.12473610896434595,0.07824550852814781,0.0004739541026646842,0.17165754186962945,vacc,1
1996,0.12567696735702538,0.0759907242482454,0.00038683057334468684,0.1703343974101305,vacc,1
1997,0.12198576806524883,0.07757659066035297,0.0003003518330825799,0.17171543898870906,vacc,1
1998,0.11791121378933704,0.07561372814580643,0.00038491147571931386,0.16859122101168356,vacc,1
1999,0.1186325072973313,0.0754934176152503,0.00038364806240469827,0.16731318401595885,vacc,1
2000,0.112899813196892,0.07632842094718274,0.0003822792447857066,0.1679904650042422,vacc,1
2001,0.11306778304304148,0.07755154261947156,0.00038098464566496557,0.16869153389186065,vacc,1
2002,0.11185569504277927,0.07649513067223052,0.0003371686113774952,0.16955365356413832,vacc,1
2003,0.11515228789070077,0.07777498920904556,0.000377548455619839,0.17493078128660977,vacc,1
2004,0.11770111874956167,0.07764598331324828,0.0003341408405361781,0.17659343649435272,vacc,1
2005,0.12021246016415553,0.08232706287079232,0.00037345948372000934,0.17511100582922715,vacc,1
2006,0.11894075525378474,0.0830278889167937,0.00024710679614246085,0.179028870526848,vacc,1
2007,0.12022886718401389,0.08181446424155273,0.00012259910390837692,0.18046588095313082,vacc,1
2008,0.11957359504339136,0.08333671037138392,0.00012160026029819636,0.1772931663232154,vacc,1
2009,0.12068203285473865,0.08199622562246947,0.000160855749060795,0.17436762424261168,vacc,1
2010,0.12149272422207298,0.08094192634017441,0.00011973658038245587,0.1760127621711985,vacc,1
2011,0.12063644208483594,0.07800997256027167,0.00015831552002937353,0.17280138946956433,vacc,1
2012,0.11905417456212834,0.07407989682773933,7.855767778565182e-05,0.17514435242949467,vacc,1
2013,0.1122990587486697,0.069494315525161,7.803964256097249e-05,0.17231153639147334,vacc,1
2014,0.1068965507608727,0.06516854675416887,7.748934421738619e-05,0.1673382373408359,vacc,1
2015,0.1005000034201014,0.06038461720961752,3.8461536121495387e-05,0.1683076888378181,vacc,1
2016,0.09491642056483489,0.058392495406533976,3.81650253110423e-05,0.16449125712745474,vacc,1
2017,0.08613508716610167,0.05156746842260239,3.786157547269378e-05,0.16329696311751224,vacc,1
2018,0.07796507519220368,0.047975618631644415,7.525586769378035e-05,0.15920379533675946,vacc,1
2019,0.07173058679306728,0.042245089624227405,7.483629588624248e-05,0.16385406659725057,vacc,1
2020,0.06666170802821159,0.04001191116839238,7.444076224897378e-05,0.16782669883609455,vacc,1
2021,0.06197810749580791,0.03640749313211317,0.0,0.1699758583371984,vacc,1
2022,0.056479265132420194,0.031225811801997714,0.0,0.17257143699278618,vacc,1
2023,0.05320785302149817,0.030027831483665595,0.0,0.17390507559216573,vacc,1
2024,0.04966369978742833,0.027594984518477285,0.0,0.1758225822273494,vacc,1
2025,0.04729046462346334,0.02749277688766125,0.0,0.18103323427571205,vacc,1
2026,0.046611843952476965,0.025676014730869973,0.0,0.18267678620457606,vacc,1
2027,0.04435556145491016,0.024249135109411,0.0,0.18702905297677658,vacc,1
2028,0.04133494199677599,0.022497867118188814,0.0,0.1913562565785922,vacc,1
2029,0.04090651893263061,0.021248761550366167,0.0,0.19392590374959215,vacc,1
2030,0.03845882531750768,0.02088469434440431,0.0,0.19947876555938862,vacc,1
2031,0.036168643621904785,0.019346020558687324,0.0,0.20232714322855397,vacc,1
2032,0.03474620514120127,0.01800104519522645,0.0,0.20875633198434335,vacc,1
2033,0.03375630036321953,0.01661741860702165,0.0,0.2120285206142816,vacc,1
2034,0.03228935957684434,0.01669900235191328,0.0,0.2158744571226836,vacc,1
2035,0.03172466389712849,0.014982049601134511,0.0,0.21768850770712217,vacc,1
2036,0.030161295597292977,0.013756577355201895,0.0,0.2218591990704021,vacc,1
2037,0.029691087249263,0.012925567034295428,0.0,0.22648884869311173,vacc,1
2038,0.02758785930723767,0.012580337104868708,0.0,0.2293176543326319,vacc,1
2039,0.02841664487095794,0.01066475918730749,0.0,0.2334321496448323,vacc,1
2040,0.026943465927185252,0.0100231035205935,0.0,0.2366471997530707,vacc,1
2041,0.0252396950129194,0.009113392121733415,0.0,0.23701597845525424,vacc,1
2042,0.024559982322162086,0.008040270125590592,0.0,0.24391067225039526,vacc,1
2043,0.02351276802307752,0.006501381012590455,0.0,0.24297650247229055,vacc,1
2044,0.021300184718391117,0.005543423120147482,0.0,0.24555687567326182,vacc,1
2045,0.020011395060448734,0.005027988605342346,0.0,0.24757818378284321,vacc,1
2046,0.018755642498373738,0.004580254699979517,0.0,0.24837020381612068,vacc,1
2047,0.01810784518488645,0.004435254304492385,0.0,0.24884115368923362,vacc,1
2048,0.016610079735027938,0.004327274967715276,0.0,0.2501165311332255,vacc,1
2049,0.016112421860270874,0.003720806868253444,0.0,0.2526161991971333,vacc,1
2050,0.015188699857355834,0.0038137565814719437,0.0,0.2533328714197223,vacc,1
2051,0.014766257013248414,0.0038074434331731477,0.0,0.25443652546030376,vacc,1
2052,0.014210180216299377,0.003998678368886929,0.0,0.2546926584694523,vacc,1
2053,0.013901731120812453,0.0035001982294059126,0.0,0.25468896583088363,vacc,1
2054,0.0124657853500878,0.0032318701307050748,0.0,0.2607921022683501,vacc,1
2055,0.01133405790458789,0.0034924713838158615,0.0,0.2653289721585788,vacc,1
2056,0.01031029727830179,0.003294024576922269,0.0,0.2665524814723061,vacc,1
2057,0.009712892751599466,0.003160806206386577,0.0,0.26333465567156494,vacc,1
2058,0.008590894032034068,0.0026003088150193298,0.0,0.26559360651848984,vacc,1
2059,0.007598685379035381,0.0023026310783435216,0.0,0.26904603064141724,vacc,1
2060,0.007137454594483841,0.0019734890722951097,0.0,0.2728678115574113,vacc,1
2061,0.006745196613344732,0.0018425898945711075,0.0,0.2748749473082225,vacc,1
2062,0.006020132351226625,0.0013816698144603456,0.0,0.2774524539350223,vacc,1
2063,0.0054288809143322615,0.001381897064845603,0.0,0.27555685917361344,vacc,1
2064,0.004737465276496603,0.001118568224601108,0.0,0.27483878279295565,vacc,1
2065,0.004704565663001481,0.0009869720355550225,0.0,0.2766482265316557,vacc,1
2066,0.0045071716882870445,0.0009869720355550225,0.0,0.2769114135562666,vacc,1
2067,0.004275612407200411,0.0008880118646517695,0.0,0.2779148097615018,vacc,1
2068,0.003979347165774308,0.0008550662693517139,0.0,0.28026441335421065,vacc,1
2069,0.003684331799527248,0.0007566036862470862,0.0,0.28438434016199293,vacc,1
2070,0.003189215968438971,0.0005589346990171498,0.0,0.28245929892170735,vacc,1
2071,0.0029925348903685855,0.0005590449580332143,0.0,0.28238348138672775,vacc,1
2072,0.00272775057536957,0.0005915603440589709,0.0,0.27869065326429954,vacc,1
2073,0.002268617035426877,0.0006246916921699751,0.0,0.2831497530600546,vacc,1
2074,0.0018735206145593587,0.0007231131790531154,0.0,0.2840191753275725,vacc,1
2075,0.0015774424547646533,0.0004929507992514281,0.0,0.2848926984435888,vacc,1
2076,0.0014801172159327935,0.0005591553194925733,0.0,0.28816234558909865,vacc,1
2077,0.0014472256902233955,0.00046048089675617744,0.0,0.28845838259817785,vacc,1
2078,0.0011838991353465248,0.0004275191293498299,0.0,0.2871612771057878,vacc,1
2079,0.001052666154906781,0.0004276456736846638,0.0,0.2866870389410901,vacc,1
2080,0.0010532551464103321,0.00039497071852850104,0.0,0.28385225582914375,vacc,1
2081,0.0010208114863786853,0.0002963645851887197,0.0,0.286716258418354,vacc,1
2082,0.0009223269351400616,0.0003952829832472159,0.0,0.2913564643762988,vacc,1
2083,0.0009226612781890083,0.0002306652937678016,0.0,0.28839754526703215,vacc,1
2084,0.0010219556300865955,0.00019779782437003251,0.0,0.2871035595526109,vacc,1
2085,0.0009237570643103421,0.00013196528568359633,0.0,0.2835274175494475,vacc,1
2086,0.000792576178109036,0.00013209602537889975,0.0,0.2878042060741847,vacc,1
2087,0.0006280368047867477,0.0001322182848996637,0.0,0.2859220567599447,vacc,1
2088,0.0005954546513765414,6.616163152518252e-05,0.0,0.2863806130343093,vacc,1
2089,0.000430392374673564,3.310710200845027e-05,0.0,0.2895216169158557,vacc,1
2090,0.0004310201998081981,6.631079248825329e-05,0.0,0.29306055875313974,vacc,1
1950,0.10632442767857873,0.03837686633869974,0.03487441490403015,0.08385870852239959,vacc,2
1951,0.1897237088016596,0.07150666206003525,0.02728085579205478,0.13968395610435988,vacc,2
1952,0.2721867269453003,0.11679303159031129,0.025865915541688773,0.20980131439792013,vacc,2
1953,0.3267048421504017,0.1609592556784721,0.023290240873804362,0.2644823837174507,vacc,2
1954,0.34535455180948244,0.19191274871920824,0.019997056078132232,0.29705697358435906,vacc,2
1955,0.34458142348751103,0.20706182877887766,0.01789906138348555,0.3142605756577891,vacc,2
1956,0.3292083358312975,0.20082827807836612,0.015931790980975503,0.31347141532775785,vacc,2
1957,0.3107093011749021,0.19484171080310583,0.013283560963590913,0.3079459416717013,vacc,2
1958,0.28331648538865506,0.1882023867694086,0.012347465549939401,0.3042493064084605,vacc,2
1959,0.26489781434661175,0.17363977446986859,0.00988389038285142,0.28778430729218396,vacc,2
1960,0.2488668564336227,0.16522736105594332,0.009637865771909048,0.2780667269664471,vacc,2
1961,0.23253166988081433,0.15317110361928682,0.008538494130399392,0.2655946203574035,vacc,2
1962,0.21900185780525877,0.14468167189485867,0.007917432886747273,0.2517083932868927,vacc,2
1963,0.2030694325349923,0.13279056843359038,0.007299269953290625,0.24691185552704617,vacc,2
1964,0.188459046130171,0.12257045185801498,0.0054868423525365065,0.23872407453873704,vacc,2
1965,0.1850570071409949,0.11168028620174164,0.005168674630923884,0.23175965950841906,vacc,2
1966,0.17347032586617764,0.10618291867466492,0.004632602366481849,0.2270433961319885,vacc,2
1967,0.16728999587134677,0.10330200915611058,0.004104715935870689,0.2198303598504916,vacc,2
1968,0.16134591788188637,0.09917466802756161,0.003491746214823244,0.213359334971096,vacc,2
1969,0.15606805931234782,0.09658347413621177,0.0029787423545772494,0.2105880775695989,vacc,2
1970,0.14956593095658646,0.09639692352088025,0.002474022727995075,0.20354458367915387,vacc,2
1971,0.14876738291642247,0.09206633995759567,0.0025100850207105895,0.20080681063381794,vacc,2
1972,0.14355927227421217,0.08712747335443126,0.002278718563139813,0.19360169528836088,vacc,2
1973,0.13791721371290494,0.0842654092117672,0.0015596454213113388,0.19219284548125232,vacc,2
1974,0.13724095021592708,0.08396335517210322,0.0016009962616859556,0.18771678924195231,vacc,2
1975,0.1348359718676635,0.08175514232842522,0.0013336891837038868,0.1808926831422515,vacc,2
1976,0.1347009635217812,0.08183517424885726,0.001023495691459136,0.17764328589874395,vacc,2
1977,0.13632319812354124,0.08177612248421492,0.0009343298231264105,0.17890194313909072,vacc,2
1978,0.13560681108191028,0.0856557718496699,0.00084587295064164,0.18146202245062337,vacc,2
1979,0.13425060633983624,0.08504764287261399,0.000846023575964629,0.17877814853677976,vacc,2
1980,0.136309093283042,0.08593784725348493,0.0009780819426825535,0.17903347922491028,vacc,2
1981,0.1340586213824708,0.08707814287100618,0.0007992894639795575,0.1764209544275202,vacc,2
1982,0.1339016213801524,0.08817260672417332,0.0007991474940176774,0.17683358010710562,vacc,2
1983,0.13627282727380605,0.08911682606949867,0.0007104480216869594,0.18072022177810068,vacc,2
1984,0.1356743918312737,0.0912476684168976,0.0006650704937816518,0.17495786864764593,vacc,2
1985,0.13376417659880205,0.09215650891321359,0.0004426345776812688,0.17900140746522505,vacc,2
1986,0.13634959239657968,0.09375413503413439,0.0005296844257424603,0.179165746984391,vacc,2
1987,0.136149411643321,0.09276306429318792,0.0005726115743486537,0.1745584237356531,vacc,2
1988,0.1354867288727287,0.0973412506178594,0.0006152494474250929,0.17754339802256824,vacc,2
1989,0.13391176044799247,0.10034616603528891,0.0005258314969305373,0.1779501306354484,vacc,2
1990,0.13532751896764517,0.09882095900301971,0.0006113537635269535,0.17851527626574573,vacc,2
1991,0.13377432738430747,0.09465163078295263,0.0006527699012792297,0.17755340443233153,vacc,2
1992,0.13324940259741344,0.09221951782475685,0.0004775964068184833,0.17710142372804952,vacc,2
1993,0.13262302241108978,0.09086971511227751,0.0004764380196919896,0.17571899927398135,vacc,2
1994,0.1261712600277341,0.08618679023401297,0.00047497736709646164,0.17008505776644528,vacc,2
1995,0.12531770866550213,0.08706327827579514,0.0004738724175515643,0.17136948655021814,vacc,2
1996,0.12359745514453226,0.08555091398487155,0.00034392330579843095,0.17626070785973402,vacc,2
1997,0.12215411626342931,0.08279381346273933,0.0003001329154965353,0.175792157188717,vacc,2
1998,0.12199505136625084,0.0846950140421235,0.00021387629233977115,0.17323980690144086,vacc,2
1999,0.12085804280740439,0.08435327102509994,0.00021322870455619904,0.17164911380697723,vacc,2
2000,0.11718219867074317,0.08476376187633904,0.00016995241308700437,0.17373385196387786,vacc,2
2001,0.11716172081417797,0.08178894503771234,8.462384415195913e-05,0.17352119650098116,vacc,2
2002,0.12053779164089111,0.08193197101504275,8.42921528443738e-05,0.16968009760061553,vacc,2
2003,0.12147023794557905,0.08332982634986483,0.0001678345034974009,0.1721142780927191,vacc,2
2004,0.11654214379506696,0.08306548468166539,0.00012522436504487484,0.17205828279654592,vacc,2
2005,0.1184690817895001,0.08148117968241753,8.293249305969729e-05,0.17308011208293117,vacc,2
2006,0.11696653981269271,0.08262999871765171,8.234180023866998e-05,0.17687019680088403,vacc,2
2007,0.11804846041089316,0.08258079790343795,8.172271100823151e-05,0.17586727709461436,vacc,2
2008,0.12192158867975982,0.08364386909774914,8.101101726733822e-05,0.17769767233733058,vacc,2
2009,0.12332127950261021,0.08134298348448456,8.041816970038953e-05,0.1733413699362975,vacc,2
2010,0.12178285803754532,0.08176050055995186,7.980527222167321e-05,0.17273850187094952,vacc,2
2011,0.11544857368572559,0.08044976179991498,0.00011877425072368397,0.17463773618130585,vacc,2
2012,0.1117526939187904,0.07769658882521363,0.00011784114815964902,0.17373713490066842,vacc,2
2013,0.1059121959701597,0.07313171251612448,7.80487768888497e-05,0.16780487643227388,vacc,2
2014,0.10152284267898751,0.06839230514685112,3.874917508508848e-05,0.16495524031903883,vacc,2
2015,0.09632763115893458,0.06402615406387978,3.845414272958016e-05,0.1677369731661137,vacc,2
2016,0.09067664146084248,0.05751250100203072,0.0,0.16807234787155834,vacc,2
2017,0.0851797132200538,0.051206304088156185,0.0,0.16592810560954846,vacc,2
2018,0.07944152986815972,0.04632521832691999,0.0,0.16735032758082197,vacc,2
2019,0.07602798864383592,0.04160586768314794,0.0,0.16840648024795615,vacc,2
2020,0.07126641644823185,0.037252053563448274,0.0,0.1684343583257812,vacc,2
2021,0.06783685882479971,0.03376999298635657,0.0,0.16662335165109585,vacc,2
2022,0.06243085825685645,0.031713254110277964,0.0,0.16678955906208523,vacc,2
2023,0.06133284658857239,0.02991578352510764,0.0,0.16957156878677354,vacc,2
2024,0.058521864738156355,0.028842660714858057,0.0,0.17327417460904834,vacc,2
2025,0.0534469741548432,0.027084614939091034,0.0,0.1751832696233514,vacc,2
2026,0.04995514071558429,0.02447514766606373,0.0,0.18288175916588728,vacc,2
2027,0.04528894941096274,0.02221587444324957,0.0,0.1854061056334514,vacc,2
2028,0.043608060634442454,0.020968830766753304,0.0,0.19102960748169334,vacc,2
2029,0.03986134960995121,0.0193470789182792,0.0,0.1939659828085893,vacc,2
2030,0.03798760532481469,0.0181312484431422,0.0,0.19669764512847912,vacc,2
2031,0.03755868299174342,0.017027538659160124,0.0,0.20075679454330345,vacc,2
2032,0.03503017594622666,0.01531698299793945,0.0,0.2049823852525824,vacc,2
2033,0.032906639851705874,0.014192292368436893,0.0,0.2080840586042696,vacc,2
2034,0.03169599754484722,0.013821534089193599,0.0,0.21276155513581818,vacc,2
2035,0.03066086833324058,0.012533664790156562,0.0,0.21904566015386126,vacc,2
2036,0.03012794410736591,0.011177603477978929,0.0,0.2194249782724127,vacc,2
2037,0.027910166771539572,0.010800617238017982,0.0,0.22173840050198357,vacc,2
2038,0.025121335913144,0.01018524831293744,0.0,0.22721993228202353,vacc,2
2039,0.023410345565401617,0.008723505645679171,0.0,0.23124108086316442,vacc,2
2040,0.020651472976038202,0.008151896779842101,0.0,0.2360313722024323,vacc,2
2041,0.019814387564543692,0.007959625744801718,0.0,0.23279363948177928,vacc,2
2042,0.017972364237614825,0.00733083422777997,0.0,0.23350561918169904,vacc,2
2043,0.016504984508411223,0.006669361200653447,0.0,0.23474131124520425,vacc,2
2044,0.015757821020638215,0.006450962995297213,0.0,0.23801365401572547,vacc,2
2045,0.015085484571467734,0.005799530272738728,0.0,0.24039557766505795,vacc,2
2046,0.015079073380765898,0.005115517086281798,0.0,0.24093084693783967,vacc,2
2047,0.014305723587744219,0.004835267313032267,0.0,0.24443110872606916,vacc,2
2048,0.013309819832043341,0.004292416300229991,0.0,0.24490068357677736,vacc,2
2049,0.012650243408958543,0.004017531377894038,0.0,0.24762605046934247,vacc,2
2050,0.012066165359384231,0.0035469223487564405,0.0,0.24848345889915496,vacc,2
2051,0.01198318375964341,0.003475785471701686,0.0,0.2507199839869197,vacc,2
2052,0.01169977284068919,0.0031397689808528076,0.0,0.24982647184914816,vacc,2
2053,0.010797067595411521,0.0034339301620979583,0.0,0.25087500986634464,vacc,2
2054,0.01005837097343311,0.002803152329515499,0.0,0.24951354605035744,vacc,2
2055,0.009785509470568193,0.0025699312594209198,0.0,0.2518862427463471,vacc,2
2056,0.009251942426061598,0.0026010794569436475,0.0,0.2549716928180153,vacc,2
2057,0.008721981765089475,0.0026001376842082337,0.0,0.25932261593595085,vacc,2
2058,0.007897594655539932,0.002698344771992621,0.0,0.26427323768264027,vacc,2
2059,0.007499014263429336,0.0025983418958377114,0.0,0.26239968271989067,vacc,2
2060,0.0066462673848151875,0.0022044545669748184,0.0,0.2620997849803378,vacc,2
2061,0.006314543814029637,0.0020719589363927043,0.0,0.26616458192157677,vacc,2
2062,0.006315166760532488,0.001940597649513577,0.0,0.2679998669875548,vacc,2
2063,0.005892033807625358,0.002040815677383962,0.0,0.2690585684093412,vacc,2
2064,0.005952381383626816,0.0016443041774124353,0.0,0.2710142238798389,vacc,2
2065,0.00542763111951873,0.0014144737060984,0.0,0.27226971345111967,vacc,2
2066,0.005064623216450232,0.0012825996613133916,0.0,0.2751668970718137,vacc,2
2067,0.004866339682097323,0.0014467497853877717,0.0,0.2777759456240178,vacc,2
2068,0.004507023444222104,0.0012830215174143645,0.0,0.2796657313196068,vacc,2
2069,0.004111842755398024,0.0011184210771199921,0.0,0.28559208710792505,vacc,2
2070,0.0035832873962361265,0.0010191000662921593,0.0,0.28258655193021004,vacc,2
2071,0.003221670812274889,0.0008547289385251095,0.0,0.2802196068673747,vacc,2
2072,0.0026626341865688056,0.0008546726675726069,0.0,0.28029975292443676,vacc,2
2073,0.0025627543296144967,0.0008213957331458701,0.0,0.280030220679182,vacc,2
2074,0.002399579040449605,0.0007560316369250384,0.0,0.28134241592691794,vacc,2
2075,0.002169339691444567,0.0006245068715197862,0.0,0.280995257408903,vacc,2
2076,0.0022032946953736295,0.0003946200203168154,0.0,0.28156135379100744,vacc,2
2077,0.0019403424229419665,0.00039464601203157746,0.0,0.2798368693620732,vacc,2
2078,0.0019075807681290257,0.000394671965575505,0.0,0.2829139887640331,vacc,2
2079,0.0016118950336164138,0.0003947498466930701,0.0,0.2854370107433802,vacc,2
2080,0.0015472743780189121,0.0002633658137673919,0.0,0.2842375547080577,vacc,2
2081,0.0014815791453846674,0.0002633918211662307,0.0,0.2879531110077658,vacc,2
2082,0.001317957162519187,0.00023064249828547715,0.0,0.28481055492522983,vacc,2
2083,0.0013508169887815236,0.0002306272794516349,0.0,0.288547679725724,vacc,2
2084,0.0014176915283708024,0.00023078697019673832,0.0,0.2896376684892764,vacc,2
2085,0.0010225624938957902,0.0002638870510793009,0.0,0.2880327151821158,vacc,2
2086,0.0007924715189170258,0.00023113750912931528,0.0,0.28779924050445405,vacc,2
2087,0.0008262277674899424,0.000198294655406792,0.0,0.29003898720943333,vacc,2
2088,0.0008270751123095895,0.0002646640328332535,0.0,0.29275149450169674,vacc,2
2089,0.0007947283061047698,0.00023179573867669753,0.0,0.293652110763683,vacc,2
2090,0.0008289949222172251,0.00016579897925507103,0.0,0.29601750705153984,vacc,2
1950,0.09963487079383873,0.04231481546779549,0.03766318409961669,0.09128195093421901,novacc,0
1951,0.1878228081431021,0.07643028211415617,0.03148589596314918,0.1574294997080996,novacc,0
1952,0.2707094969344166,0.12272097499190719,0.02794292219265222,0.23072732413676825,novacc,0
1953,0.3249642579120614,0.16697085310772417,0.02648843371018284,0.2908301885301289,novacc,0
1954,0.34466502945740923,0.19846728279907844,0.024120652000837784,0.3195127128766238,novacc,0
1955,0.34154691022385114,0.21438347864374444,0.021218344138104934,0.328444337703573,novacc,0
1956,0.32744099600255105,0.20779158461859917,0.01840759837536634,0.31706845317279664,novacc,0
1957,0.30999371639791734,0.2006497561530433,0.016195509970867644,0.31639433969270947,novacc,0
1958,0.28767785223075343,0.19025799710110927,0.014661201516640032,0.3046057559624841,novacc,0
1959,0.26357445867973395,0.17195896197280225,0.012998848267629898,0.2892843614166553,novacc,0
1960,0.24019842458284735,0.15973483832743235,0.011924067818577518,0.274062816925712,novacc,0
1961,0.22772747317527486,0.14655541244308684,0.009198236608338312,0.2628609216485189,novacc,0
1962,0.21188558172772567,0.13897924081577917,0.008341581667017026,0.25524295387109713,novacc,0
1963,0.20389167086223453,0.13241967254935494,0.007483980220514251,0.24659716837764398,novacc,0
1964,0.1918304577842048,0.12398345790497174,0.006691760804584915,0.23844047268574547,novacc,0
1965,0.1824810693308445,0.11565442631528276,0.006876500038228838,0.23052429261491314,novacc,0
1966,0.17268102016584697,0.10536934023399946,0.006373515183598438,0.22256866933209402,novacc,0
1967,0.1637034988665257,0.09947118166112547,0.006245441378630819,0.21476115380432428,novacc,0
1968,0.1558176459224651,0.09666591552862167,0.005715583178199888,0.2086641138874995,novacc,0
1969,0.15119221148358372,0.09402094811109427,0.005690030169499668,0.20511197090322258,novacc,0
1970,0.14629430818528422,0.08949450196936476,0.00580140258019461,0.20102536810436816,novacc,0
1971,0.1430108027980255,0.08443508735069356,0.0051987638605534015,0.19782187662102288,novacc,0
1972,0.13889386756072797,0.08336312483872503,0.0047802006725859575,0.1931290153217035,novacc,0
1973,0.13452455167472388,0.08559842730435972,0.004277693725241677,0.18875321216548466,novacc,0
1974,0.13161406636126133,0.0850600248032609,0.0038683854171416066,0.18568251783304304,novacc,0
1975,0.12940810725079144,0.08347046083104287,0.003602081118927606,0.18246095188369185,novacc,0
1976,0.12949288673781628,0.0818505350760262,0.0029804266130947998,0.18447505859148236,novacc,0
1977,0.1274579767422267,0.08337041624237831,0.0027137640037431464,0.18702730428314193,novacc,0
1978,0.12699190408422262,0.08479479577817105,0.0023591205038587895,0.18543574918778752,novacc,0
1979,0.12662960233404352,0.08476084159531753,0.0023136819181615513,0.18843158960162687,novacc,0
1980,0.1279338649057174,0.08614864925018566,0.0022670696878247945,0.18736662348477903,novacc,0
1981,0.13222370416937199,0.08433200017351938,0.002263648405826269,0.18490898766376782,novacc,0
1982,0.13282429543421442,0.0829707924266393,0.0022640504398395004,0.18147916405422648,novacc,0
1983,0.13382784494333982,0.08425867451987085,0.001954339531434451,0.1821089104035029,novacc,0
1984,0.1313140432699659,0.08350703809832931,0.0015521753808418945,0.17974190560427372,novacc,0
1985,0.126267783329071,0.0823774347499917,0.001594402058577694,0.1794144962551478,novacc,0
1986,0.12736183062721718,0.08295074669114542,0.0011036553183159411,0.18148509114530836,novacc,0
1987,0.12583161790705263,0.08155262779116933,0.0011895844979419473,0.18086089704117467,novacc,0
1988,0.1255110666362007,0.08348354415793235,0.0010550841542189666,0.17782563870739074,novacc,0
1989,0.12856579590877326,0.0833442857329409,0.0010954821909989318,0.1802725483580036,novacc,0
1990,0.12673656705761796,0.08335517501812897,0.0006989951372211357,0.18012231110165386,novacc,0
1991,0.1255607402584344,0.08401202149240034,0.0007839379189219148,0.17621184337295676,novacc,0
1992,0.1282941972294912,0.08461772241641857,0.0007814873649863718,0.17505318497352246,novacc,0
1993,0.12518397809642887,0.0800363670132596,0.0006925807331335553,0.16920613425383296,novacc,0
1994,0.1243142976890628,0.07559068637984682,0.0005183361862702749,0.16154812176185077,novacc,0
1995,0.1213297200889246,0.0749795190303595,0.00043116459025271985,0.1585823397152995,novacc,0
1996,0.11926566282464225,0.07652952167367716,0.0003869469943016469,0.15882025451018011,novacc,0
1997,0.12103795838556636,0.07793265881323919,0.0003431267302116793,0.16054045079577217,novacc,0
1998,0.1254918759812935,0.07737381964669562,0.0003421727843989901,0.1617194273135089,novacc,0
1999,0.12366211792854381,0.07385612564615152,0.0003411368443282996,0.15628333239960482,novacc,0
2000,0.12372011096274449,0.07622043158168744,0.00033989038806915307,0.15609465978177764,novacc,0
2001,0.12035549020600973,0.07596276160752831,0.0002115954247050066,0.15624208175799092,novacc,0
2002,0.11745617539820766,0.07510114927890772,0.00016857720239201948,0.16132839849861713,novacc,0
2003,0.11697306423525652,0.07454042886446863,0.0002098547763823447,0.16192395495252682,novacc,0
2004,0.11820459850930938,0.07365344971820843,0.00016701461502666225,0.1621711915992027,novacc,0
2005,0.11954043979724527,0.07623709714067128,0.0001244348628525315,0.1658301734731507,novacc,0
2006,0.12008896811007198,0.07791781406368378,0.00012354831897951597,0.16283666895013355,novacc,0
2007,0.11873136310486744,0.07781910542379487,0.00012261414099629724,0.1624228494096963,novacc,0
2008,0.11890182909472322,0.07709153868340188,0.00012165943829159828,0.16233424399629412,novacc,0
2009,0.1181039091441166,0.07484608445374971,0.00016095931182627697,0.1645004072737007,novacc,0
2010,0.11516506386005702,0.07492715833331308,7.983712740048837e-05,0.1640253754297492,novacc,0
2011,0.1176587054998123,0.0771727051776964,0.0001583029818520096,0.1641997638662027,novacc,0
2012,0.11844897549910746,0.07939812677297248,7.857311062130618e-05,0.1642963668789623,novacc,0
2013,0.11861364238973825,0.07860739514127911,3.9030482100493855e-05,0.16478668679460498,novacc,0
2014,0.11746697363423309,0.07611517753928326,3.8755183088511316e-05,0.1586637211788682,novacc,0
2015,0.11675771783801668,0.07617142090370198,3.847041431662442e-05,0.1574978778149001,novacc,0
2016,0.11715561781922713,0.07336055127798427,3.8149008649981464e-05,0.15461794330623763,novacc,0
2017,0.11827550371486736,0.07141234096038016,3.7884527178977696e-05,0.1535838759769725,novacc,0
2018,0.11778873750242685,0.07413538982298697,3.7632180971267263e-05,0.15579722487853642,novacc,0
2019,0.11835161998467655,0.07594415048644998,3.742934976136157e-05,0.15959875133552454,novacc,0
2020,0.12200299242195356,0.07576321791716671,3.72300812246538e-05,0.16139238826302033,novacc,0
2021,0.11987089592020836,0.0785412229293487,3.7100244123187025e-05,0.16116346200942805,novacc,0
2022,0.1186253175587853,0.08079205069124425,3.6874512613038e-05,0.1631697240931112,novacc,0
2023,0.1160465800146703,0.08253990474749943,3.6619302512425296e-05,0.1615643710071637,novacc,0
2024,0.11765347759202391,0.08062990565982764,3.63689231286838e-05,0.15915041401292443,novacc,0
2025,0.11834833479232569,0.07933239118158933,3.612586248722743e-05,0.1593150488135394,novacc,0
2026,0.1173112172513264,0.07924879844341322,3.5907930359096634e-05,0.15907214057147723,novacc,0
2027,0.11505911005864833,0.0799200122372829,3.57104604674359e-05,0.15834018776802672,novacc,0
2028,0.11551590372295295,0.08085045229982547,3.5554290191263785e-05,0.15956766314016468,novacc,0
2029,0.114635272531438,0.07676530860594107,3.535942617135521e-05,0.1592588524052237,novacc,0
2030,0.11420622970436647,0.07627834138237358,3.521622497877796e-05,0.16069162350623686,novacc,0
2031,0.11568655928293956,0.07671549137033686,3.504590956360315e-05,0.1595990747230329,novacc,0
2032,0.11828182575478151,0.0787148548986045,0.0,0.1584773708787372,novacc,0
2033,0.11714566284560086,0.07689096377529729,0.0,0.16046204760651306,novacc,0
2034,0.12088446043112736,0.07631524157140716,0.0,0.15949261247702384,novacc,0
2035,0.12142143456452893,0.07856477150320774,0.0,0.16220604759631463,novacc,0
2036,0.11931877065397938,0.07865129611128029,0.0,0.16322037695393507,novacc,0
2037,0.11866963749793578,0.07800445487350262,0.0,0.16039773639335875,novacc,0
2038,0.11936268349511925,0.07973467724953057,0.0,0.1609054104038947,novacc,0
2039,0.11727616817801112,0.07852492956578977,0.0,0.16066257139665002,novacc,0
2040,0.11506831197797918,0.07880785059865884,0.0,0.16067422502785872,novacc,0
2041,0.11458969502426875,0.07684488358546665,0.0,0.16097446312078567,novacc,0
2042,0.10981215178355465,0.07805108740867524,0.0,0.16110285476582165,novacc,0
2043,0.10912645015309332,0.07643569260037461,0.0,0.1599150707926985,novacc,0
2044,0.1089168820434671,0.0763392037973042,0.0,0.15825357261816936,novacc,0
2045,0.10505146104358185,0.07384439559589707,0.0,0.15459389975569163,novacc,0
2046,0.10335831784055398,0.07071180054053677,0.0,0.15436848144323212,novacc,0
2047,0.10243154736552175,0.06907707729073344,0.0,0.15483139629896556,novacc,0
2048,0.10409938326475383,0.06556994388077413,0.0,0.1535848703249985,novacc,0
2049,0.10752974395204977,0.06619259179004633,0.0,0.15155844626017087,novacc,0
2050,0.10403398189945198,0.06389331629142869,0.0,0.14928343847480516,novacc,0
2051,0.10373266081529987,0.06378962010337179,0.0,0.1487099487386307,novacc,0
2052,0.10591777241805787,0.06351096727445099,0.0,0.14951538335482614,novacc,0
2053,0.10830277257918225,0.06515346291043686,0.0,0.15224501510948246,novacc,0
2054,0.10848262805941745,0.06470024316752128,0.0,0.15035136385261932,novacc,0
2055,0.10695099512213463,0.06344550490965505,0.0,0.14864374832470575,novacc,0
2056,0.10813394688533856,0.0643991850919198,0.0,0.1479796854891191,novacc,0
2057,0.10585793121752836,0.06226937751473593,0.0,0.14720609941871335,novacc,0
2058,0.10460099529811663,0.061456377821108917,0.0,0.14738331093135115,novacc,0
2059,0.10478854786807769,0.0643738695286134,0.0,0.1453348673627697,novacc,0
2060,0.10372297671898825,0.06260904140187318,0.0,0.1456598383982691,novacc,0
2061,0.10516440882783185,0.06138705336975577,0.0,0.1467693597563709,novacc,0
2062,0.10197163127524202,0.06043250958841865,0.0,0.14729599369009644,novacc,0
2063,0.10199782620916127,0.06181088188451034,0.0,0.14689135043024942,novacc,0
2064,0.10061237812782736,0.061368281785933725,0.0,0.14548627756471716,novacc,0
2065,0.10076064995403718,0.06516512641254443,0.0,0.14537851484780775,novacc,0
2066,0.10181435381288867,0.0653956263986163,0.0,0.14557608061179098,novacc,0
2067,0.09943734448295456,0.06492053427588038,0.0,0.14579974418207167,novacc,0
2068,0.09974989267103744,0.06545777503026882,0.0,0.14335548037870488,novacc,0
2069,0.09959857643107072,0.06330612620595373,0.0,0.14141877368757672,novacc,0
2070,0.0979372993482369,0.06109155692379961,0.0,0.14419185950776525,novacc,0
2071,0.09822368966125702,0.0630263179808616,0.0,0.14483551420074295,novacc,0
2072,0.09797731359510681,0.06278572872430906,0.0,0.1432330205814264,novacc,0
2073,0.09692804447781474,0.06216288197926128,0.0,0.14264570233215215,novacc,0
2074,0.09965139053849972,0.06334276597493668,0.0,0.14375451191250288,novacc,0
2075,0.10235236214038973,0.06431978227871268,0.0,0.14357622258690203,novacc,0
2076,0.10190579544137314,0.06484314788920838,0.0,0.14008755328701106,novacc,0
2077,0.1003883929291833,0.06559804524304258,0.0,0.14301229443574134,novacc,0
2078,0.09741970363550362,0.06457345596691803,0.0,0.14208135126854782,novacc,0
2079,0.09585885364100037,0.0654750163290588,0.0,0.14141814078264714,novacc,0
2080,0.09628240031047067,0.06476999488457802,0.0,0.141624673005513,novacc,0
2081,0.09872842682916917,0.06196469195571027,0.0,0.14152062346203756,novacc,0
2082,0.09778848223464659,0.060808810933448074,0.0,0.14050295369291352,novacc,0
2083,0.09501039008359938,0.05942683714632423,0.0,0.1389704063323713,novacc,0
2084,0.09926082062485328,0.059266105103765065,0.0,0.13833155862255656,novacc,0
2085,0.09665599496567781,0.06153236968037364,0.0,0.13587296227738552,novacc,0
2086,0.0965865990607513,0.0599081425484406,0.0,0.13458680056127903,novacc,0
2087,0.0961907281211911,0.060875605067013394,0.0,0.1349447782808134,novacc,0
2088,0.09712658803491807,0.05899099616303459,0.0,0.1363876993069149,novacc,0
2089,0.09552051218049899,0.05827977372437683,0.0,0.13693591012592066,novacc,0
2090,0.0938546812334395,0.05724140278179692,0.0,0.13633801273712337,novacc,0
1950,0.10743594408108413,0.04123298874813253,0.03542834577135768,0.08842074746163123,novacc,1
1951,0.19266875864600747,0.08031590341730722,0.029454131783875417,0.15223763428443826,novacc,1
1952,0.2721327788531496,0.12895714444240006,0.02605895167303714,0.22576168660571735,novacc,1
1953,0.31851600862026647,0.16887859464645816,0.023286794464285755,0.2746559011617819,novacc,1
1954,0.3417149420027134,0.19364501383225882,0.021854436819570344,0.30581476560384074,novacc,1
1955,0.3415314061169444,0.21259534958052845,0.019704677025696306,0.31962648268254984,novacc,1
1956,0.32998831982223337,0.20834957097883636,0.01812159165544373,0.32078138945334195,novacc,1
1957,0.3113728928763416,0.19938916725095127,0.015512895611546939,0.3157844066344283,novacc,1
1958,0.28491514840761095,0.18537808239542716,0.013020832126035553,0.3061825004639887,novacc,1
1959,0.2642994530037435,0.17005761343322184,0.013291746001933108,0.29285030809478807,novacc,1
1960,0.2420163506619125,0.15781183951103273,0.011408660468049609,0.28378445402994873,novacc,1
1961,0.22944134123633209,0.13909704850259572,0.009200417949095534,0.2714123449326754,novacc,1
1962,0.21203696152521792,0.1298425918374744,0.007917805951237488,0.25954378779366544,novacc,1
1963,0.1970058354165183,0.12210526611673082,0.00706432661279744,0.24828070714604283,novacc,1
1964,0.1850785009075045,0.11144662396042633,0.007107683750589403,0.23808418858081332,novacc,1
1965,0.1773583310990044,0.10314750519490717,0.005953479487899205,0.2317242122825929,novacc,1
1966,0.16850221333151388,0.09953192788056597,0.005873714825387671,0.225541488349277,novacc,1
1967,0.158682360495435,0.09800164577743758,0.005109955530785154,0.2170818561919178,novacc,1
1968,0.1525616124029655,0.09506737249102633,0.004537822514492011,0.20955665680053917,novacc,1
1969,0.14815318300468233,0.09441885349323116,0.00460579780719873,0.20884134607036817,novacc,1
1970,0.14482386686211987,0.0916003037905483,0.0035542351282366047,0.20407611602515327,novacc,1
1971,0.1372215085967489,0.08929931750765498,0.0037208048961522907,0.19800958108037933,novacc,1
1972,0.12980168217707008,0.08665356372862856,0.0033946753489286136,0.19077184313230425,novacc,1
1973,0.1274291481351352,0.08281334355959655,0.002986271826323487,0.18265287977856426,novacc,1
1974,0.12233641266377943,0.08100893884660568,0.002535699811307885,0.18377151586194096,novacc,1
1975,0.12283668359618641,0.07799084023879534,0.002268986122248953,0.18240869642698032,novacc,1
1976,0.12201958173917153,0.07984875297411954,0.0025355868574937833,0.17967081718324268,novacc,1
1977,0.12466076806557962,0.08319616858237548,0.002535925387596899,0.181340924886394,novacc,1
1978,0.12567309240366814,0.08370789645294982,0.002091584861666013,0.17854120704119486,novacc,1
1979,0.12404893971856144,0.08703003571127632,0.001735261682283132,0.17601779703898812,novacc,1
1980,0.12615015718348951,0.09058985418160927,0.0018669155960163897,0.17504554265284253,novacc,1
1981,0.12512766597430375,0.09213622062615447,0.0016873143380930083,0.1766795349984761,novacc,1
1982,0.12904946344522575,0.09092120863414667,0.001777540664802038,0.1772208009154589,novacc,1
1983,0.13246212066988705,0.09219006977521134,0.0014668622540128776,0.1827799239568206,novacc,1
1984,0.13328602224439892,0.09215546340175486,0.0018635194840028544,0.1871949648612885,novacc,1
1985,0.13375825730525526,0.09011640894536971,0.0016819371502944794,0.18895233722072313,novacc,1
1986,0.1306248737937084,0.08686243977651563,0.0013247958502681481,0.18560387207624154,novacc,1
1987,0.12954077017534923,0.08440843389796454,0.0011888512670515656,0.1811457030992611,novacc,1
1988,0.12839441696300646,0.08585992189738015,0.001318217914329935,0.17967307473113636,novacc,1
1989,0.12621020287638313,0.08279670149877892,0.0007885398517264588,0.18035660415472574,novacc,1
1990,0.12716788428814044,0.08164780868730658,0.0007863351414696667,0.18063865668323914,novacc,1
1991,0.1284999019767214,0.08264750759244363,0.0007838013496122325,0.17731329704960397,novacc,1
1992,0.13064236509519378,0.07999131962553911,0.0006944444218076111,0.17335067669716706,novacc,1
1993,0.1293939561874011,0.08233766286011225,0.0006493506620178077,0.17103894215870227,novacc,1
1994,0.12845543954436675,0.0803386363625354,0.0006478922112896135,0.171216307107183,novacc,1
1995,0.12473610896434595,0.07824550852814781,0.0004739541026646842,0.17165754186962945,novacc,1
1996,0.12567696735702538,0.0759907242482454,0.00038683057334468684,0.1703343974101305,novacc,1
1997,0.12198576806524883,0.07757659066035297,0.0003003518330825799,0.17171543898870906,novacc,1
1998,0.11791121378933704,0.07561372814580643,0.00038491147571931386,0.16859122101168356,novacc,1
1999,0.1186325072973313,0.0754934176152503,0.00038364806240469827,0.16731318401595885,novacc,1
2000,0.112899813196892,0.07632842094718274,0.0003822792447857066,0.1679904650042422,novacc,1
2001,0.11306778304304148,0.07755154261947156,0.00038098464566496557,0.16869153389186065,novacc,1
2002,0.11185569504277927,0.07649513067223052,0.0003371686113774952,0.16955365356413832,novacc,1
2003,0.11515228789070077,0.07777498920904556,0.000377548455619839,0.17493078128660977,novacc,1
2004,0.11770111874956167,0.07764598331324828,0.0003341408405361781,0.17659343649435272,novacc,1
2005,0.12021246016415553,0.08232706287079232,0.00037345948372000934,0.17511100582922715,novacc,1
2006,0.11894075525378474,0.0830278889167937,0.00024710679614246085,0.179028870526848,novacc,1
2007,0.12022886718401389,0.08181446424155273,0.00012259910390837692,0.18046588095313082,novacc,1
2008,0.12127599564336114,0.08293137650863493,8.106683755625853e-05,0.17769850830384432,novacc,1
2009,0.12267793143972809,0.08178528225786968,0.00012062725848267588,0.178005623259884,novacc,1
2010,0.12313463107078587,0.0837522895674104,0.00015960417722408088,0.17492617861218157,novacc,1
2011,0.12411447109227941,0.08398306256240054,0.00011873194565410037,0.17350694463159544,novacc,1
2012,0.12160251775992202,0.082403766413682,7.855459293468072e-05,0.16763550219835005,novacc,1
2013,0.1211128096572444,0.07940224148074713,7.803659826011627e-05,0.16375980532173195,novacc,1
2014,0.1209349262150732,0.0776386621850255,7.7522381096159e-05,0.16539400950321065,novacc,1
2015,0.11600447101503399,0.07746452139784127,7.6926035022729e-05,0.16196775934179677,novacc,1
2016,0.11537434716207998,0.07559271453036562,7.635627674526275e-05,0.1574848206638995,novacc,1
2017,0.1131268151075199,0.07400394363017863,7.57460979952695e-05,0.1555824909859015,novacc,1
2018,0.11333960611746877,0.07307619681296826,0.0001128880520253016,0.1533396079261721,novacc,1
2019,0.11177220682870864,0.07248166817590782,7.483909560742255e-05,0.15050141899044236,novacc,1
2020,0.10901850654516422,0.0707931662746271,7.444076224897378e-05,0.15051921685595962,novacc,1
2021,0.10574747472585694,0.06864309436980029,3.7104372953960876e-05,0.14834326963730884,novacc,1
2022,0.10379792804519082,0.06810472070508566,0.0,0.1523229912828453,novacc,1
2023,0.10640401197148816,0.06751857961305971,0.0,0.1502324849579082,novacc,1
2024,0.10891305523244771,0.06549328410855522,0.0,0.15076910025722517,novacc,1
2025,0.11117133178025078,0.06669557615758177,0.0,0.15532191170862314,novacc,1
2026,0.11290613472343748,0.06519475951150634,0.0,0.15175014454687288,novacc,1
2027,0.1124133629653785,0.0651754472945349,0.0,0.15168299581740008,novacc,1
2028,0.11051845344208441,0.06294004931628913,0.0,0.15041603497263276,novacc,1
2029,0.10846187389383315,0.06272109875717093,0.0,0.151938567150258,novacc,1
2030,0.10793394508850548,0.06711975999523348,0.0,0.15107228489304234,novacc,1
2031,0.10963129943520591,0.06634655697306578,0.0,0.1493060441806016,novacc,1
2032,0.1110723300820467,0.07023177483651566,0.0,0.15051660748982706,novacc,1
2033,0.11009877610026281,0.07031575946839352,0.0,0.15464600724593752,novacc,1
2034,0.11217772712972691,0.07111173181131548,0.0,0.15566953834748296,novacc,1
2035,0.10981801526285048,0.07010395357448203,0.0,0.15854542679964614,novacc,1
2036,0.10837863026658823,0.06813647307081797,0.0,0.15997111900306554,novacc,1
2037,0.10889019005139135,0.06994205304106726,0.0,0.16090102994720898,novacc,1
2038,0.10946312092130812,0.07036670568565719,0.0,0.15918800856512288,novacc,1
2039,0.11071745577794337,0.07147236594962225,0.0,0.15987600641626187,novacc,1
2040,0.10818613893813556,0.07299591545383459,0.0,0.15876358884949157,novacc,1
2041,0.1120599202907269,0.07146487723286514,0.0,0.16143133892207454,novacc,1
2042,0.1109796970231202,0.07025784552686175,0.0,0.1620425247502987,novacc,1
2043,0.11089389395476398,0.07128892411311423,0.0,0.15929621263311064,novacc,1
2044,0.10528968785665532,0.07195187103580192,0.0,0.1554308369461484,novacc,1
2045,0.10371984621363577,0.07198391798060574,0.0,0.15388740170222975,novacc,1
2046,0.10511354624540357,0.07110130062920259,0.0,0.15193470790819935,novacc,1
2047,0.10367602847826424,0.06985122185991649,0.0,0.15264526538969483,novacc,1
2048,0.10216306703559966,0.07078202441245025,0.0,0.15031612583248255,novacc,1
2049,0.10266122704598601,0.07063358055736395,0.0,0.14880892242225963,novacc,1
2050,0.1007662004710812,0.07035058944670544,0.0,0.14876114529212678,novacc,1
2051,0.10195702073349255,0.06788304585272849,0.0,0.14493856860846768,novacc,1
2052,0.10284732116412013,0.06752868866139537,0.0,0.14392009138831505,novacc,1
2053,0.10001982512070308,0.06684509495887377,0.0,0.14122389460823423,novacc,1
2054,0.09646546749192021,0.06511335973560922,0.0,0.14293256357892442,novacc,1
2055,0.0973582709494417,0.06381714910150815,0.0,0.14184886884666376,novacc,1
2056,0.09732793363364844,0.0623702635677346,0.0,0.1397976869183867,novacc,1
2057,0.09733202524905232,0.06353755086725671,0.0,0.13899868751791009,novacc,1
2058,0.09576045136111032,0.06528971563667371,0.0,0.13990182487341768,novacc,1
2059,0.09507667996586143,0.06499703296451823,0.0,0.1414467068858951,novacc,1
2060,0.09800823833833944,0.06238682992555408,0.0,0.144823040087367,novacc,1
2061,0.09623362553677771,0.061499970618594114,0.0,0.14163428030430908,novacc,1
2062,0.09511898475287855,0.05855248295302277,0.0,0.13958464047127947,novacc,1
2063,0.09561897101446065,0.05924755686892342,0.0,0.1368289201240928,novacc,1
2064,0.09910799993123066,0.058556336646602265,0.0,0.13801387284358804,novacc,1
2065,0.1003883929291833,0.05993679809721914,0.0,0.14064248016697323,novacc,1
2066,0.09972682069352692,0.059309482594327764,0.0,0.1406707712512022,novacc,1
2067,0.09984538204981214,0.05711089845183862,0.0,0.1383031051568623,novacc,1
2068,0.09981565436364803,0.05794048531300689,0.0,0.13829997347935652,novacc,1
2069,0.09814113898735079,0.05671985542318049,0.0,0.13765421432530922,novacc,1
2070,0.09914446533274665,0.06202698829801671,0.0,0.13932215508652301,novacc,1
2071,0.1006810801042604,0.06307372578656563,0.0,0.13792648360298476,novacc,1
2072,0.09525689373895523,0.06262745688494846,0.0,0.13778697957169428,novacc,1
2073,0.09441411085110972,0.060694786488351485,0.0,0.14099611185592995,novacc,1
2074,0.09303549682151373,0.05984142673141638,0.0,0.1374148715754923,novacc,1
2075,0.09549970568001726,0.05832620636932899,0.0,0.13632474404597633,novacc,1
2076,0.09449233454921473,0.05793906758927177,0.0,0.13802065487221649,novacc,1
2077,0.09426513150528314,0.05774355715944624,0.0,0.13907807341370546,novacc,1
2078,0.0961702951578625,0.06060406423767315,0.0,0.13581625922796628,novacc,1
2079,0.09559719466897411,0.0594395273621341,0.0,0.1346856731317139,novacc,1
2080,0.09509859294135319,0.05958063731653619,0.0,0.13364496583668273,novacc,1
2081,0.0957243581265409,0.06014888865502733,0.0,0.13133274736586442,novacc,1
2082,0.09419287564271621,0.05925779861393178,0.0,0.13110539479245412,novacc,1
2083,0.08995878292507851,0.05929101706949009,0.0,0.1317724597038324,novacc,1
2084,0.09105605339352778,0.05799875072998303,0.0,0.13328493737897928,novacc,1
2085,0.09322370121122861,0.05881382516158074,0.0,0.13248793078234097,novacc,1
2086,0.0926990394893085,0.0580442677785201,0.0,0.13300296337339088,novacc,1
2087,0.09186508228756125,0.058697089859485574,0.0,0.13277115412186988,novacc,1
2088,0.09115282258410926,0.05798828657583395,0.0,0.1337834772103128,novacc,1
2089,0.09253187359889563,0.058022853362714163,0.0,0.13224042770587982,novacc,1
2090,0.09338418624589433,0.05949262898518783,0.0,0.13559939698894027,novacc,1
1950,0.10632442767857873,0.03837686633869974,0.03487441490403015,0.08385870852239959,novacc,2
1951,0.1897237088016596,0.07150666206003525,0.02728085579205478,0.13968395610435988,novacc,2
1952,0.2721867269453003,0.11679303159031129,0.025865915541688773,0.20980131439792013,novacc,2
1953,0.3267048421504017,0.1609592556784721,0.023290240873804362,0.2644823837174507,novacc,2
1954,0.34535455180948244,0.19191274871920824,0.019997056078132232,0.29705697358435906,novacc,2
1955,0.34458142348751103,0.20706182877887766,0.01789906138348555,0.3142605756577891,novacc,2
1956,0.3292083358312975,0.20082827807836612,0.015931790980975503,0.31347141532775785,novacc,2
1957,0.3107093011749021,0.19484171080310583,0.013283560963590913,0.3079459416717013,novacc,2
1958,0.28331648538865506,0.1882023867694086,0.012347465549939401,0.3042493064084605,novacc,2
1959,0.26489781434661175,0.17363977446986859,0.00988389038285142,0.28778430729218396,novacc,2
1960,0.2488668564336227,0.16522736105594332,0.009637865771909048,0.2780667269664471,novacc,2
1961,0.23253166988081433,0.15317110361928682,0.008538494130399392,0.2655946203574035,novacc,2
1962,0.21900185780525877,0.14468167189485867,0.007917432886747273,0.2517083932868927,novacc,2
1963,0.2030694325349923,0.13279056843359038,0.007299269953290625,0.24691185552704617,novacc,2
1964,0.188459046130171,0.12257045185801498,0.0054868423525365065,0.23872407453873704,novacc,2
1965,0.1850570071409949,0.11168028620174164,0.005168674630923884,0.23175965950841906,novacc,2
1966,0.17347032586617764,0.10618291867466492,0.004632602366481849,0.2270433961319885,novacc,2
1967,0.16728999587134677,0.10330200915611058,0.004104715935870689,0.2198303598504916,novacc,2
1968,0.16134591788188637,0.09917466802756161,0.003491746214823244,0.213359334971096,novacc,2
1969,0.15606805931234782,0.09658347413621177,0.0029787423545772494,0.2105880775695989,novacc,2
1970,0.14956593095658646,0.09639692352088025,0.002474022727995075,0.20354458367915387,novacc,2
1971,0.14876738291642247,0.09206633995759567,0.0025100850207105895,0.20080681063381794,novacc,2
1972,0.14355927227421217,0.08712747335443126,0.002278718563139813,0.19360169528836088,novacc,2
1973,0.13791721371290494,0.0842654092117672,0.0015596454213113388,0.19219284548125232,novacc,2
1974,0.13724095021592708,0.08396335517210322,0.0016009962616859556,0.18771678924195231,novacc,2
1975,0.1348359718676635,0.08175514232842522,0.0013336891837038868,0.1808926831422515,novacc,2
1976,0.1347009635217812,0.08183517424885726,0.001023495691459136,0.17764328589874395,novacc,2
1977,0.13632319812354124,0.08177612248421492,0.0009343298231264105,0.17890194313909072,novacc,2
1978,0.13560681108191028,0.0856557718496699,0.00084587295064164,0.18146202245062337,novacc,2
1979,0.13425060633983624,0.08504764287261399,0.000846023575964629,0.17877814853677976,novacc,2
1980,0.136309093283042,0.08593784725348493,0.0009780819426825535,0.17903347922491028,novacc,2
1981,0.1340586213824708,0.08707814287100618,0.0007992894639795575,0.1764209544275202,novacc,2
1982,0.1339016213801524,0.08817260672417332,0.0007991474940176774,0.17683358010710562,novacc,2
1983,0.13627282727380605,0.08911682606949867,0.0007104480216869594,0.18072022177810068,novacc,2
1984,0.1356743918312737,0.0912476684168976,0.0006650704937816518,0.17495786864764593,novacc,2
1985,0.13376417659880205,0.09215650891321359,0.0004426345776812688,0.17900140746522505,novacc,2
1986,0.13634959239657968,0.09375413503413439,0.0005296844257424603,0.179165746984391,novacc,2
1987,0.136149411643321,0.09276306429318792,0.0005726115743486537,0.1745584237356531,novacc,2
1988,0.1354867288727287,0.0973412506178594,0.0006152494474250929,0.17754339802256824,novacc,2
1989,0.13391176044799247,0.10034616603528891,0.0005258314969305373,0.1779501306354484,novacc,2
1990,0.13532751896764517,0.09882095900301971,0.0006113537635269535,0.17851527626574573,novacc,2
1991,0.13377432738430747,0.09465163078295263,0.0006527699012792297,0.17755340443233153,novacc,2
1992,0.13324940259741344,0.09221951782475685,0.0004775964068184833,0.17710142372804952,novacc,2
1993,0.13262302241108978,0.09086971511227751,0.0004764380196919896,0.17571899927398135,novacc,2
1994,0.1261712600277341,0.08618679023401297,0.00047497736709646164,0.17008505776644528,novacc,2
1995,0.12531770866550213,0.08706327827579514,0.0004738724175515643,0.17136948655021814,novacc,2
1996,0.12359745514453226,0.08555091398487155,0.00034392330579843095,0.17626070785973402,novacc,2
1997,0.12215411626342931,0.08279381346273933,0.0003001329154965353,0.175792157188717,novacc,2
1998,0.12199505136625084,0.0846950140421235,0.00021387629233977115,0.17323980690144086,novacc,2
1999,0.12085804280740439,0.08435327102509994,0.00021322870455619904,0.17164911380697723,novacc,2
2000,0.11718219867074317,0.08476376187633904,0.00016995241308700437,0.17373385196387786,novacc,2
2001,0.11716172081417797,0.08178894503771234,8.462384415195913e-05,0.17352119650098116,novacc,2
2002,0.12053779164089111,0.08193197101504275,8.42921528443738e-05,0.16968009760061553,novacc,2
2003,0.12147023794557905,0.08332982634986483,0.0001678345034974009,0.1721142780927191,novacc,2
2004,0.11654214379506696,0.08306548468166539,0.00012522436504487484,0.17205828279654592,novacc,2
2005,0.1184690817895001,0.08148117968241753,8.293249305969729e-05,0.17308011208293117,novacc,2
2006,0.11696653981269271,0.08262999871765171,8.234180023866998e-05,0.17687019680088403,novacc,2
2007,0.11804846041089316,0.08258079790343795,8.172271100823151e-05,0.17586727709461436,novacc,2
2008,0.11941025078074304,0.08421095063126273,8.101101726733822e-05,0.17498378677682422,novacc,2
2009,0.12376856176982813,0.08460332246080451,8.042140783763741e-05,0.17310707443674941,novacc,2
2010,0.12633679975812132,0.0825618463491133,3.990422804266438e-05,0.17370309085174707,novacc,2
2011,0.12565797796398817,0.08236038685879825,3.9577313927930123e-05,0.17548581666755972,novacc,2
2012,0.12139660121614905,0.08051214078806167,3.927421197975417e-05,0.17367056611956277,novacc,2
2013,0.1224545607223982,0.079425762137173,0.0,0.17012560476635202,novacc,2
2014,0.1171317918709717,0.08007751745182085,0.0,0.16810076855764053,novacc,2
2015,0.11714276008296923,0.0778132344333847,0.0,0.1693514299895765,novacc,2
2016,0.11893769160626615,0.07803258708847735,0.0,0.16747433863072725,novacc,2
2017,0.11722153360653569,0.0782486830604263,0.0,0.16600386816865662,novacc,2
2018,0.11578987177257907,0.07639045984033131,0.0,0.1633551479201179,novacc,2
2019,0.11564219513942234,0.07609712463625991,0.0,0.15960194418311072,novacc,2
2020,0.11218640737419618,0.0777190466870053,0.0,0.155549748892122,novacc,2
2021,0.11304865265296397,0.07331279790650462,0.0,0.15330388211141435,novacc,2
2022,0.11132826532184573,0.07338297831610949,0.0,0.15155982354542671,novacc,2
2023,0.11390690687782996,0.07112771436149862,0.0,0.15236420270362258,novacc,2
2024,0.11668001404424812,0.07052448128064895,0.0,0.149559908042226,novacc,2
2025,0.11706472164261895,0.07489972947044703,0.0,0.15030529803057358,novacc,2
2026,0.11809045652393199,0.0758076062516311,0.0,0.15154341211765074,novacc,2
2027,0.11631479639751513,0.07616189535229267,0.0,0.1497517155943601,novacc,2
2028,0.11807357539160886,0.07673715743692926,0.0,0.15116402367090345,novacc,2
2029,0.11991510952324655,0.07948354326039869,0.0,0.15238768351308649,novacc,2
2030,0.12396112537002715,0.08050429204406652,0.0,0.15121846587805782,novacc,2
2031,0.12507013881023904,0.08071529058646719,0.0,0.15455821369567993,novacc,2
2032,0.1271680292111526,0.0826731778646703,0.0,0.15822716050321514,novacc,2
2033,0.12627368852261714,0.07960354766188253,0.0,0.1615371251313862,novacc,2
2034,0.12574041637807024,0.07783435008080701,0.0,0.15906335746443603,novacc,2
2035,0.1252461064051862,0.07896100151526723,0.0,0.15916548511241646,novacc,2
2036,0.1245871129288794,0.07387144935586365,0.0,0.159854110386645,novacc,2
2037,0.12271011811610485,0.07313893317790893,0.0,0.16006860425388586,novacc,2
2038,0.12007935209334429,0.07377133329665587,0.0,0.16101782590464928,novacc,2
2039,0.11868799078564161,0.07272665157234959,0.0,0.1613761123527643,novacc,2
2040,0.1163256975459828,0.07235098132483235,0.0,0.15805749856010215,novacc,2
2041,0.11353239279687062,0.07066119999304969,0.0,0.15979260921220387,novacc,2
2042,0.11458509566467033,0.07091430850938234,0.0,0.15852628447011782,novacc,2
2043,0.11160172599904261,0.07037885144879323,0.0,0.15467842452052522,novacc,2
2044,0.11076013158815706,0.07013239577668778,0.0,0.1527320156570524,novacc,2
2045,0.11138672259962588,0.06811249356199896,0.0,0.15301846249525375,novacc,2
2046,0.11135642314329378,0.06793777895304719,0.0,0.15096169295819847,novacc,2
2047,0.11068090647416763,0.06805741065809531,0.0,0.1495326986600907,novacc,2
2048,0.10953158476605135,0.06638478641702557,0.0,0.14671903065806935,novacc,2
2049,0.10787279368048604,0.0633744304996907,0.0,0.14073974899443253,novacc,2
2050,0.10452268963246947,0.06430633364324521,0.0,0.14072403162462158,novacc,2
2051,0.1019279246564415,0.06476082980326703,0.0,0.1409500624101782,novacc,2
2052,0.10173640363367473,0.06274184833786184,0.0,0.14192159384327566,novacc,2
2053,0.10259036555642032,0.0629749496060436,0.0,0.14408906339712704,novacc,2
2054,0.1012274034413357,0.0618648558793714,0.0,0.14610002465588545,novacc,2
2055,0.09772255960456613,0.06097360100653895,0.0,0.1456774610006288,novacc,2
2056,0.09458836538703223,0.06169666413836265,0.0,0.1458704156536025,novacc,2
2057,0.09557854643816105,0.06180811934730438,0.0,0.14424088719508688,novacc,2
2058,0.09710785260092818,0.06120298093973152,0.0,0.14253243500938537,novacc,2
2059,0.09530865337791705,0.06222223089627956,0.0,0.1385679077414133,novacc,2
2060,0.09657669294438138,0.06435153966650202,0.0,0.14052007418895124,novacc,2
2061,0.09709282519376541,0.06486023010881922,0.0,0.14292298378894827,novacc,2
2062,0.09896005195449442,0.06726782090516148,0.0,0.14322384355481538,novacc,2
2063,0.09840924643221698,0.06735170630072634,0.0,0.14441917302913918,novacc,2
2064,0.09797531721379338,0.06883950220569557,0.0,0.1458765424466637,novacc,2
2065,0.10106628727420712,0.06894621677402726,0.0,0.14997036919159434,novacc,2
2066,0.10065833253961197,0.06951941727245274,0.0,0.14595127742729222,novacc,2
2067,0.10164528199049809,0.06762092255016118,0.0,0.14603488146125748,novacc,2
2068,0.10036857598944149,0.06690141058569866,0.0,0.14752532728302495,novacc,2
2069,0.09750642085607057,0.06720836863873002,0.0,0.14869397088888642,novacc,2
2070,0.0963784136748317,0.06450444862082741,0.0,0.14410709260151297,novacc,2
2071,0.09660549403732607,0.06368002361417449,0.0,0.1413722677006704,novacc,2
2072,0.0959088968488734,0.06362109985104823,0.0,0.1400783338833464,novacc,2
2073,0.09221561158392351,0.06511658609336499,0.0,0.13868517523612928,novacc,2
2074,0.09104663999725113,0.06279192290674003,0.0,0.1345964072599779,novacc,2
2075,0.09008060651080647,0.06346438313531895,0.0,0.13568019400046682,novacc,2
2076,0.08927396963514485,0.06102854411445041,0.0,0.134782306109291,novacc,2
2077,0.09017930489140187,0.06037176798549509,0.0,0.13054777278363722,novacc,2
2078,0.0902629339592649,0.05969265321272341,0.0,0.13281121404465562,novacc,2
2079,0.09023249662737139,0.059112162378348994,0.0,0.13245075497916484,novacc,2
2080,0.09116067798599929,0.060191746273924276,0.0,0.1343853945284907,novacc,2
2081,0.08894745169223006,0.06117608550959558,0.0,0.13220226373147273,novacc,2
2082,0.08638191193855863,0.06097159190638558,0.0,0.13156680499467832,novacc,2
2083,0.08701816820311921,0.06090282907533793,0.0,0.13060967547210162,novacc,2
2084,0.08891161591707647,0.06149583063928541,0.0,0.12975486683544904,novacc,2
2085,0.08819839285944805,0.05963544967789681,0.0,0.1286818047725152,novacc,2
2086,0.09021215513998979,0.05908400715938191,0.0,0.12943625532516886,novacc,2
2087,0.09277635442741747,0.06102402106433704,0.0,0.12995302431539102,novacc,2
2088,0.09060514044740305,0.06021583155837484,0.0,0.13311043058217684,novacc,2
2089,0.08951812622069327,0.05957939648032819,0.0,0.13270408420995436,novacc,2
2090,0.09169292650578224,0.059724751475515335,0.0,0.13460454456916526,novacc,2
