alpha,arm,metric,median_pct,iqr_lo,iqr_hi,n_favour_core,n_runs,sign_p
2.05,top 10%,cancer_incidence 2035-2055,-1.7888056666307974,-3.2070661250857295,0.5201292125008891,16,25,0.2295229434967041
2.05,top 10%,cancers 2035-2055,-1.8972558885395612,-3.2926480646212424,0.6643568557238135,16,25,0.2295229434967041
2.05,top 10%,infections 2035-2055,-0.3783675976756712,-0.9081299155441224,0.23692585020669032,18,25,0.043285250663757324
2.05,top 10%,cancer_incidence 2008-2034 (placebo),-0.17991684813641198,-1.0583586238203608,1.0993777874183235,15,25,0.42435622215270996
2.05,top 10%,cum_doses (final),0.304510608841932,0.17432577757621873,0.408788292312016,2,25,1.0
2.05,top 20%,cancer_incidence 2035-2055,-1.9787389541916556,-3.212990159461409,-0.6238476205430773,21,25,0.0009105205535888672
2.05,top 20%,cancers 2035-2055,-1.9064119756788491,-3.165467217154934,-0.5462909806313018,21,25,0.0009105205535888672
2.05,top 20%,infections 2035-2055,-0.09796866522248163,-0.6260853502661542,0.1860880526173016,15,25,0.42435622215270996
2.05,top 20%,cancer_incidence 2008-2034 (placebo),-0.3766081423584549,-1.2387215354776426,0.40418635251981894,16,25,0.2295229434967041
2.05,top 20%,cum_doses (final),0.454833090797895,0.32388770230267594,0.7856486458051091,0,25,1.0
3,top 10%,cancer_incidence 2035-2055,-1.3834275545427377,-2.8700624218220208,0.663516385065456,34,50,0.015346677832630107
3,top 10%,cancers 2035-2055,-1.385277945223362,-2.9152166464818006,0.6309954204187651,33,50,0.032839137564268484
3,top 10%,infections 2035-2055,-0.2833289035519436,-0.6350030439804769,0.11697969034088337,34,50,0.015346677832630107
3,top 10%,cancer_incidence 2008-2034 (placebo),-0.08569611636580572,-1.2196161398570042,0.9825115729306637,26,50,0.887724827340783
3,top 10%,cum_doses (final),0.29447977195081243,0.19079144445861224,0.4011559066238314,3,50,1.0
