beta,genotype,n_seeds,n_cases,R_all,R_dist,R_all_lo,R_all_hi
0.012,hi5,3,1229,0.6378015804039594,0.33591172662819535,0.4996595937424546,0.7019584370804536
0.012,hpv16,3,2564,0.8488572059629602,0.41252520636169326,0.7796220017888236,0.8853355875965672
0.012,hpv18,3,378,0.6582836106175203,0.3200173067652234,0.5661449176976995,0.688330056260409
0.018,hi5,3,3656,0.9888699352981409,0.49688354718426925,0.9212017391209176,1.0749848317844304
0.018,hpv16,3,6346,1.1187491041818485,0.5477332124371743,1.077226582945663,1.1603735775234305
0.018,hpv18,3,999,0.8450661214309488,0.4205993955832044,0.6306196630460311,0.931590448518846
0.02,hi5,6,8003,0.9754449523748039,0.45603209173800197,0.8693726609052137,1.0307629170456645
0.02,hpv16,6,18696,1.196217976439513,0.5862433340124846,1.130206999607614,1.2403823617713512
0.02,hpv18,6,2608,0.8674402477334303,0.42992746429225037,0.7758253596584284,1.065667041883256
0.025,hi5,6,15860,1.120013572994393,0.5250750720517064,1.0407757989750748,1.175823507494359
0.025,hpv16,6,38205,1.3449078978302125,0.6648305178673647,1.2950894873345298,1.390590498847116
0.025,hpv18,6,4287,1.0567148240702537,0.4799398345363893,0.9387005150798584,1.149507512532007
0.03,hi5,6,29928,1.2622039963817742,0.6175411986357092,1.19569867796457,1.3233547076781318
0.03,hpv16,6,62604,1.4201903776703138,0.6987094459007448,1.3699415281696377,1.4669962258625175
0.03,hpv18,6,7380,1.2185792163480285,0.5988646986009436,1.1339699027022323,1.327118198353731
0.035,hi5,6,43633,1.3198339052356383,0.6327389499734387,1.2818007168625554,1.3537396668877446
0.035,hpv16,6,111033,1.47648990067145,0.7248114241871588,1.451461098783397,1.5006089705793648
0.035,hpv18,6,10124,1.269742434142531,0.6137806799842269,1.2186616607315324,1.3735662556285522
0.05,hi5,3,63561,1.4483979600690091,0.6968286490606667,1.427279265559252,1.4666610595043343
0.05,hpv16,3,147905,1.5517109325736538,0.7472560122710918,1.530156405833134,1.5763005040109137
0.05,hpv18,3,15456,1.3795218370486972,0.6604321150893367,1.3533114755913396,1.395518783995566
0.07,hi5,3,152383,1.4797731357914203,0.6952613090210011,1.4752471965127365,1.4827980551108977
0.07,hpv16,3,288610,1.4958762587708596,0.6828216063359422,1.4802381241648015,1.5073261466859054
0.07,hpv18,3,49869,1.4968199721827606,0.7174417175995041,1.4486203064835104,1.527383052309791
0.1,hi5,3,308078,1.4279735652352363,0.642403698099625,1.4161111285188537,1.4364286219142048
0.1,hpv16,3,441852,1.4351451839584692,0.627854924313184,1.4242497547834652,1.4424000071030985
0.1,hpv18,3,109808,1.4928753643787924,0.7185158872459408,1.4772691081122642,1.5008859056075687
0.15,hi5,3,446852,1.3810797001080848,0.6059954475639833,1.371195358556371,1.3913767211317594
0.15,hpv16,3,590956,1.3580225505393566,0.579482065710613,1.350508338918036,1.364508915411136
0.15,hpv18,3,217536,1.443542666420184,0.6806516534482177,1.4269208225044514,1.4575790020608723
0.25,hi5,3,603241,1.3217751119039183,0.5707680370593337,1.3187416747369611,1.3238518965219015
0.25,hpv16,3,680127,1.3129454026197027,0.5596212792380446,1.3061981072413693,1.323161473244301
0.25,hpv18,3,350092,1.3926314790996541,0.6501970481873027,1.3736516899904174,1.424530247288434
