beta,seed,genotype,n_cases,n_f,n_m,R_f_all,R_m_all,R_all,R_f_dist,R_m_dist,R_dist
0.025,3,hpv16,5704,2458,3246,2.114320585842148,0.7932840418977203,1.2950894873345298,0.7595606183889341,0.5560690080098583,0.6498985456137666
0.025,3,hpv18,400,155,245,1.5096774193548388,0.5836734693877551,0.9387005150798585,0.2645161290322581,0.40408163265306124,0.32693441128523415
0.025,3,hi5,3108,1467,1641,1.4451261077027948,0.9201706276660573,1.1531533278716612,0.5446489434219496,0.5502742230347349,0.5474543580685084
0.025,4,hpv16,7960,3475,4485,2.267913669064748,0.8156075808249721,1.3600469040241905,0.7864748201438849,0.5612040133779265,0.6643589583090087
0.025,4,hpv18,1025,448,577,1.515625,0.7729636048526863,1.0823691438713747,0.5066964285714286,0.49393414211438474,0.5002745903589859
0.025,4,hi5,2631,1247,1384,1.5356856455493184,0.9002890173410405,1.175823507494359,0.4987971130713713,0.5527456647398844,0.5250789862820359
0.025,5,hpv16,6606,2824,3782,2.337818696883853,0.812797461660497,1.3784676647094942,0.8045325779036827,0.5526176626123744,0.6667825077914395
0.025,5,hpv18,657,269,388,1.5427509293680297,0.6469072164948454,0.9990078625628068,0.3903345724907063,0.4020618556701031,0.39615482143703584
0.025,5,hi5,2709,1232,1477,1.3092532467532467,0.8273527420446851,1.0407757989750748,0.4788961038961039,0.5321597833446174,0.5048259570326511
0.035,3,hpv16,18111,8094,10017,2.348900420064245,0.9086552860137765,1.460938322795099,0.85606622189276,0.609863232504742,0.7225533290502787
0.035,3,hpv18,1543,708,835,2.1610169491525424,0.8730538922155688,1.3735662556285522,0.7062146892655368,0.578443113772455,0.6391439774030605
0.035,3,hi5,8225,3975,4250,1.709182389937107,0.9971764705882353,1.3055100394822896,0.6812578616352202,0.6169411764705882,0.6483024191201742
0.035,4,hpv16,21472,9652,11820,2.4393907998342312,0.9017766497461929,1.483167442636265,0.8719436386241194,0.6037225042301184,0.7255425535815765
0.035,4,hpv18,1759,820,939,1.7158536585365853,0.8849840255591054,1.2322755690193756,0.6353658536585366,0.5804046858359957,0.6072637966185718
0.035,4,hi5,6953,3369,3584,1.8183437221727516,0.99609375,1.345823471710913,0.653309587414663,0.619140625,0.6359956810155291
0.035,5,hpv16,19827,8926,10901,2.446448577190231,0.9078066232455738,1.4902691776330215,0.8616401523638808,0.6076506742500688,0.7235856684214
0.035,5,hpv18,1273,600,673,1.73,0.8945022288261516,1.2439810512500753,0.625,0.5898959881129272,0.6071943614449821
0.035,5,hi5,7195,3486,3709,1.7641996557659207,1.000539228902669,1.3285898400975331,0.6632243258749283,0.6109463467241845,0.6365488818244027
