community,metric,n,equal,observed,change_pct,se_pct,mde_pct,p,q,sig
Asian,hpv_prevalence,10,0.3211517565851391,0.3185079251933737,-0.8232342926838528,0.8724342153916287,2.4428158030965603,0.3592642677336877,0.8021751613002355,
Asian,n_infectious,10,899304.9805130005,892864.1765975952,-0.716197958976186,0.8697965351959641,2.4354302985486993,0.4210757195312148,0.8021751613002355,
Asian,n_vaccinated,10,1385872.5583507537,1193284.0837589265,-13.896550114320437,0.3772697974746758,1.0563554329290923,2.1439604106359873e-18,9.433425806798345e-17,**
Asian,n_cancerous,10,1918.1783332824707,2044.7443523406982,6.5982404692082115,4.753035578013129,13.30849961843676,0.18770697272320902,0.8021751613002355,
Asian,infections,10,80398833.92109375,81079345.65625,0.8464199068162247,0.9161078183950917,2.5651018915062567,0.3677446755544723,0.8021751613002355,
Asian,infections_since_2035,10,27866095.915625,28387637.8875,1.8716004332080232,0.9725282691893398,2.723079153730151,0.07057724697997085,0.7284332030506945,
Asian,cancers,10,27431.075298309326,27287.633790588377,-0.5229160948342026,1.6746878562737264,4.689125997566434,0.7585517193762648,0.8783230434883066,
Asian,cancers_since_2035,10,8876.496903228759,9146.504391098022,3.0418248416337517,2.5771883569275333,7.216127399397093,0.2533057081665171,0.8021751613002355,
Asian,cancer_deaths,10,19420.85267715454,19437.728171539307,0.0868936841512543,2.0813626081020558,5.827815302685757,0.9671638977147923,0.9671638977147924,
Asian,cancer_deaths_since_2035,10,7439.269428253174,7352.079501342773,-1.1720227066822846,3.093342383325175,8.66135867331049,0.7093137469088063,0.8783230434883066,
Asian,cancers_per_100k_women,10,2063.0676605089866,2050.7558327952574,-0.5967728518749429,1.716747049044495,4.806891737324586,0.732437164045768,0.8783230434883066,
Black,hpv_prevalence,10,0.3243540058762387,0.31907993545834695,-1.6260229016268504,1.2914533867584064,3.6160694829235376,0.22490467708839929,0.8021751613002355,
Black,n_infectious,10,715320.1823497772,704112.058517456,-1.566868111494245,1.4369869443221355,4.023563444101979,0.29034611673743516,0.8021751613002355,
Black,n_vaccinated,10,1095892.940977478,1035408.448392868,-5.519197206495459,0.8384802594769375,2.347744726535425,4.850593161234197e-06,7.114203303143489e-05,**
Black,n_cancerous,10,1617.2324657440186,1670.6714515686035,3.3043478260869565,5.155510650276301,14.435429820773644,0.5304142071571438,0.8232607387881166,
Black,infections,10,62456629.83046875,62581471.6546875,0.19988562392434334,1.2686684069665985,3.552271539506476,0.8767691972427951,0.9228501672748999,
Black,infections_since_2035,10,21870610.10234375,21946161.5265625,0.3454472640004454,1.0541536560085503,2.9516302368239407,0.7471140620136532,0.8783230434883066,
Black,cancers,10,21204.027199172975,20976.208375930786,-1.0744129928821946,1.748599385530951,4.896078279486663,0.5470924414156982,0.8232607387881166,
Black,cancers_since_2035,10,7017.3826927185055,7155.1990219116215,1.9639277951324965,3.6084266090781725,10.103594505418883,0.5955480610546656,0.845294022142106,
Black,cancer_deaths,10,15064.16900100708,14541.029457473755,-3.472740803016429,1.8895828983177545,5.290832115289712,0.08277650034666982,0.7284332030506945,
Black,cancer_deaths_since_2035,10,5608.280993270874,5765.78537940979,2.8084253682705684,3.7582736151825764,10.523166122511213,0.4685365019294149,0.8021751613002355,
Black,cancers_per_100k_women,10,2028.8344144995067,1995.333020426238,-1.6512631013080112,1.8807088496625881,5.265984779055247,0.39261263610228814,0.8021751613002355,
Chinese,hpv_prevalence,10,0.3222991266570826,0.31453113182849696,-2.4101817802474463,2.4060383841790234,6.7369074757012655,0.3318420196598919,0.8021751613002355,
Chinese,n_infectious,10,143115.22539520264,140117.01711120605,-2.0949610886733026,2.338186492500133,6.546922179000373,0.38434731514716747,0.8021751613002355,
Chinese,n_vaccinated,10,218835.45366973878,196773.5908477783,-10.081484719224568,1.3378533001719566,3.745989240481478,7.825242388662895e-07,1.721553325505837e-05,**
Chinese,n_cancerous,10,315.0087585449219,292.5081329345703,-7.142857142857143,15.291943546029916,42.81744192888377,0.6467788890746335,0.8783230434883066,
Chinese,infections,10,12743391.870117188,12935015.584570313,1.503710443861311,1.3097572592670992,3.6673203259478777,0.26746866608217335,0.8021751613002355,
Chinese,infections_since_2035,10,4427107.602734375,4484340.745507812,1.2927886084830562,1.7661447503839025,4.945205301074926,0.4740125953137755,0.8021751613002355,
Chinese,cancers,10,4483.24966545105,4263.868568038941,-4.893349997942561,4.279915955625232,11.98376467575065,0.2682881638477881,0.8021751613002355,
Chinese,cancers_since_2035,10,1569.4186389923095,1392.2262126922608,-11.290322537128796,7.1537583342627755,20.030523335935772,0.13362583089562594,0.8021751613002355,
Chinese,cancer_deaths,10,3206.339158248901,3096.6486057281495,-3.4210527054991178,5.455312941385055,15.274876235878155,0.5385219155898271,0.8232607387881166,
Chinese,cancer_deaths_since_2035,10,1335.9746486663819,1141.906750869751,-14.526315899059645,8.608727425994719,24.104436792785215,0.10885502965182142,0.7982702174466905,
Chinese,cancers_per_100k_women,10,2128.62108674291,2028.5984710924072,-4.69893943423963,3.8765934957767287,10.854461788174842,0.2414571511948529,0.8021751613002355,
White,hpv_prevalence,10,0.32441416024390113,0.32298192799761505,-0.44148265452078267,0.5291508643024326,1.4816224200468113,0.4154770233849907,0.8021751613002355,
White,n_infectious,10,18287892.05567055,18203430.334609605,-0.4618450327890781,0.5119535573551676,1.4334699605944692,0.37948947235067676,0.8021751613002355,
White,n_vaccinated,10,27911474.056475066,27883339.83751259,-0.10079804063930804,0.08359765488721999,0.23407343368421596,0.24392744447847609,0.8021751613002355,
White,n_cancerous,10,40543.31477165222,40861.13610839844,0.7839056538328131,1.324508161020199,3.7086228508565564,0.5613141400828068,0.8232607387881166,
White,infections,10,1611718141.7,1613506282.675,0.11094625845148198,0.612162676079316,1.7140554930220848,0.858207503781552,0.9228501672748999,
White,infections_since_2035,10,563529692.075,563306283.1,-0.039644579183999835,0.5983046890122916,1.6752531292344164,0.947906213837811,0.9671638977147924,
White,cancers,10,549560.9038295746,550306.2363170624,0.1356232734705147,0.3921860631449716,1.0981209768059206,0.7335783274542379,0.8783230434883066,
White,cancers_since_2035,10,181447.8571105957,182128.50142822266,0.3751184105812218,0.47801271902057535,1.338435613257611,0.4431903484033396,0.8021751613002355,
White,cancer_deaths,10,389013.31560287473,388751.7457874298,-0.06723929617667866,0.44227891577293815,1.238380964164227,0.880902432398768,0.9228501672748999,
White,cancer_deaths_since_2035,10,147736.29465942382,147893.79895629882,0.10661178232342984,0.512004721901188,1.4336132213233261,0.8375403133106294,0.9228501672748999,
White,cancers_per_100k_women,10,2054.8530006855153,2057.984143368497,0.15237794051141448,0.4416199059374364,1.2365357366248217,0.7341356126437326,0.8783230434883066,
