community,metric,n,equal,observed,change_pct,se_pct,mde_pct,runs_needed,p,q,sig
White,hpv_prevalence,50,0.3248018196757973,0.3239643405880316,-0.2578431021727796,0.3085835412822803,0.8640339155903849,561.4622336485552,0.40543038130353937,0.7618980627097978,
White,n_infectious,50,17268402.799249876,17224728.523577347,-0.2529143904057303,0.30098978054723724,0.8427713855322643,555.1910882001902,0.40279994921270723,0.7618980627097978,
White,n_vaccinated,50,26323014.308279112,26318058.545614168,-0.018826729366572762,0.04598716958390979,0.1287640748349474,2338.8893080808452,0.6831758418458517,0.8890375097708365,
White,n_cancerous,50,38436.1311832428,38243.750834274295,-0.5005195451418757,0.568496131810566,1.591789169069585,505.70705516229515,0.38097117604814945,0.7618980627097978,
White,infections,50,1521260149.265,1521470956.84,0.013857430966140892,0.34700759245378643,0.9716212588706019,245809.44932995626,0.9682269194082931,0.968226919408293,
White,infections_since_2035,50,531682509.38,530972795.85,-0.1334844606469329,0.3495561080881661,0.978757102646865,2688.180556923854,0.7033856996421534,0.8890375097708365,
White,cancers,50,518099.96582748415,518234.96964050294,0.02605748348258776,0.22464989694960122,0.6290197114588835,29136.244449988673,0.9078966830204086,0.968226919408293,
White,cancers_since_2035,50,171710.14895874023,171689.33588745116,-0.012121048997559117,0.29887565225363616,0.8368518263101813,238334.39805669987,0.9677421023038323,0.968226919408293,
White,cancer_deaths,50,366652.75641784666,366279.8086117554,-0.10171689686310717,0.2276298634948683,0.6373636177856312,1963.1719404264907,0.6559680576169129,0.8890375097708365,
White,cancer_deaths_since_2035,50,139883.01384094238,139487.00280029298,-0.2831015930924255,0.30512671292809146,0.8543547961986561,455.36736376200173,0.355784629542521,0.7618980627097978,
White,cancers_per_100k_women,50,2053.662888851511,2054.1696815455357,0.02467750168617224,0.23956739851171785,0.67078871583281,36943.59207632798,0.9181667062841543,0.968226919408293,
Asian,hpv_prevalence,50,0.32480587190568455,0.3141041837242294,-3.2947951706250778,0.4261919474301681,1.1933374528044707,6.559031326388001,1.0409152368396188e-11,1.1241884557867882e-10,**
Asian,n_infectious,50,1826381.9199407196,1765271.909974823,-3.345960080894806,0.463603767259232,1.2980905483258496,7.525553875872758,1.2149891036786379e-10,1.093490193310774e-09,**
Asian,n_vaccinated,50,2781211.69215416,2394141.8778797914,-13.917308609276244,0.17934859205213136,0.5021760577459677,0.0650985769667861,1.585001165488119e-89,8.559006293635843e-88,**
Asian,n_cancerous,50,4077.113360595703,4041.1123596191405,-0.8830022075055166,1.7787434871738326,4.980481764086732,1590.703125000008,0.6207336971965018,0.8890375097708365,
Asian,infections,50,160734031.0040625,162027422.168125,0.8046778619207341,0.40345033396706437,1.1296609351077802,98.54216940327207,0.04888713685970025,0.25642297030761435,*
Asian,infections_since_2035,50,56237074.875,56721742.8825,0.8618300446409914,0.47428932069073726,1.3280100979340643,118.72153378760588,0.07226075850598741,0.2787200685230943,
Asian,cancers,50,54729.396605529786,55056.78064903259,0.5981868315897435,0.4922736130280361,1.3783661164785013,265.4761341863232,0.2273187989353069,0.7367507802252341,
Asian,cancers_since_2035,50,18007.250744476318,18407.7618573761,2.2241658017820254,0.9146918088383261,2.5611370647473133,66.29813767819147,0.01685017659024347,0.12998707655330677,*
Asian,cancer_deaths,50,38617.26153961182,38570.010240859985,-0.12235797378684302,0.5777354864287232,1.617659362000425,8739.359448844,0.8327118399980764,0.9567327523382155,
Asian,cancer_deaths_since_2035,50,14580.40554222107,14893.164236984252,2.1450616984384596,0.9871559481232195,2.7640366547450146,83.01910054912459,0.032232328234917826,0.21756821558569533,*
Asian,cancers_per_100k_women,50,2049.9603969756117,2065.4771626661914,0.7569300223298038,0.5251951761150488,1.4705464931221368,188.71918906956233,0.1529382785598902,0.5505778028156048,
Black,hpv_prevalence,50,0.3256420819612728,0.32183128698666397,-1.170240330014241,0.57127925614147,1.5995819171961163,93.41849231439119,0.04319558871064168,0.25642297030761435,*
Black,n_infectious,50,845366.4822276306,835040.9454064942,-1.2214272789627856,0.6350409962867847,1.778114789602997,105.96302856397466,0.057342247579332775,0.25642297030761435,
Black,n_vaccinated,50,1284182.671176758,1213553.2092755127,-5.4999544446837945,0.30747407925115433,0.8609274219032321,1.2251376930112325,1.402033676936709e-32,2.5236606184860763e-31,**
Black,n_cancerous,50,1863.6143161773682,1917.0533020019532,2.8674916993661332,2.423633922068584,6.786174981792034,280.0372299168975,0.23974628862945155,0.7367507802252341,
Black,infections,50,74415967.076875,74582080.66609375,0.2232230470742225,0.47995579491511114,1.3438762257623111,1812.2181766672486,0.6429072840798153,0.8890375097708365,
Black,infections_since_2035,50,25971022.265625,26048331.60625,0.29767538541340044,0.5619347733428287,1.5734173653599206,1396.9216016523749,0.5975031234210804,0.8890375097708365,
Black,cancers,50,25096.63541809082,25123.63616729736,0.10758712774333933,0.745907889530835,2.088542090686338,18842.383636796967,0.8856211843069077,0.968226919408293,
Black,cancers_since_2035,50,8382.608157196046,8421.421737823486,0.46302510984151024,1.2104395412471085,3.389230715491904,2678.9412204169666,0.7029130057703519,0.8890375097708365,
Black,cancer_deaths,50,17681.55431114197,17561.1759790802,-0.6808130662241243,0.8364495510799043,2.342058743023732,591.7112241857367,0.4176832310662758,0.7618980627097978,
Black,cancer_deaths_since_2035,50,6820.502210540772,6798.001590118408,-0.32989682764987616,1.5408583302094558,4.314403324586476,8551.754199747429,0.8309154934709627,0.9567327523382155,
Black,cancers_per_100k_women,50,2038.8243239491194,2037.1014767438237,-0.08450199387255733,0.7436569305174884,2.0822394054489677,30359.695643851803,0.9097773543843157,0.968226919408293,
Chinese,hpv_prevalence,50,0.3214855260183723,0.3184508064829751,-0.9439677029888484,0.8288311556004556,2.320727235681276,302.2065906710891,0.25754136762372404,0.7367507802252341,
Chinese,n_infectious,50,138337.2176725769,137248.187421875,-0.7872286786043915,0.972931952473676,2.724209466926293,598.7550453904397,0.42041512895534416,0.7618980627097978,
Chinese,n_vaccinated,50,212845.78729141236,191977.0201122284,-9.80464186994315,0.6947012188260313,1.9451634127128878,1.967971110074297,2.788095031004823e-25,3.763928291856511e-24,**
Chinese,n_cancerous,50,330.75919647216796,318.3838523864746,-3.7414965986394595,5.995608687683706,16.78770432551438,1006.6115702479325,0.534056095850065,0.8239722621686717,
Chinese,infections,50,12313043.22578125,12380331.339414062,0.5464783352008566,0.6628077178548021,1.855861609993446,576.6539643078759,0.4116644478127546,0.7618980627097978,
Chinese,infections_since_2035,50,4277479.578300782,4313767.451523437,0.8483470828648793,0.8920429332635703,2.4977202131379967,433.42148880184334,0.34394075962488524,0.7618980627097978,
Chinese,cancers,50,4219.992348556519,4148.5528604125975,-1.692881935398712,2.0131316594647135,5.6367686465011975,554.3411050883072,0.4028922594615487,0.7618980627097978,
Chinese,cancers_since_2035,50,1455.7904808807373,1398.4138844299316,-3.9412674560211065,3.4975089107851405,9.793024950198394,308.69664662832076,0.26278120445593245,0.7367507802252341,
Chinese,cancer_deaths,50,2938.019194717407,2884.5802085876467,-1.8188780463328618,2.3379367932264135,6.546223021033957,647.6560641073795,0.43871051042914566,0.7618980627097978,
Chinese,cancer_deaths_since_2035,50,1161.0322829437255,1127.843860015869,-2.858527141356418,3.6750406114973218,10.290113712192502,647.9264541378482,0.4386568029273883,0.7618980627097978,
Chinese,cancers_per_100k_women,50,2076.816462522947,2030.8898825787007,-2.2113932922341117,2.00375183302373,5.610505132466444,321.8414353821723,0.2728706593426793,0.7367507802252341,
Overall,hpv_prevalence,50,0.2752579459341312,0.2736658550526115,-0.5783996084533456,0.3060532499842859,0.8569490999560007,109.75494026387295,0.061731455814796055,0.25642297030761435,
Overall,n_infectious,50,20078488.64,19962289.76,-0.5787232399978037,0.29855853168957686,0.8359638887308152,104.32855536942635,0.05545311676626867,0.25642297030761435,
Overall,n_vaccinated,50,32968849.08,32453312.16,-1.5637091812002013,0.02900885442645595,0.08122479239407666,0.13490723836777097,4.350651838041312e-73,1.1746759962711543e-71,**
Overall,n_cancerous,50,44707.62078125,44520.302265625,-0.41898565021280737,0.5542027219198974,1.5517676213757126,685.8435800022199,0.4514951482724727,0.7618980627097978,
Overall,infections,50,1768723182.135,1770460780.095,0.09824024344513928,0.34627613477216435,0.9695731773620602,4870.26204748395,0.7772351640629543,0.9326821968755452,
Overall,infections_since_2035,50,618168084.13,618056634.77,-0.01802897348815191,0.3429886624974731,0.9603682549929246,141874.25570160022,0.9581860386666627,0.968226919408293,
Overall,cancers,50,605441.7844210053,605915.9849861145,0.07832306545587181,0.20845690260879005,0.5836793273046121,2776.7659443156867,0.7079372762989994,0.8890375097708365,
Overall,cancers_since_2035,50,199588.43189086913,199951.2545727539,0.18178542636336764,0.2826504518130255,0.7914212650764713,947.6922056813521,0.5217207950098065,0.8239722621686717,
Overall,cancer_deaths,50,427336.3338356781,426749.0671372986,-0.13742493953377585,0.21388620541734524,0.5988813751685667,949.5558402614512,0.5220523421310265,0.8239722621686717,
Overall,cancer_deaths_since_2035,50,162466.31649047852,162327.93767456056,-0.0851738495136482,0.2713797115443126,0.7598631923240753,3979.4977908717783,0.7543001682135844,0.9257320246257627,
