scan,value,genotype,all,dist,R_m,R_f,R_m_dist,R_f_dist
acts,0.01,hpv16,0.2655983603468962,0.14105875480187882,0.2624014119463901,0.2549114775798357,0.16223043406320667,0.12332469251558105
acts,0.01,hpv18,0.19590620796869482,0.10313750719024256,0.22497380177596382,0.1612045667641057,0.13070431857040427,0.08115382494070929
acts,0.01,hi5,0.21964253929084931,0.11221668880098569,0.26425459158347586,0.17227952126192708,0.14853014174618057,0.0852021399812476
acts,0.02,hpv16,0.4780768307707499,0.23222944031173343,0.4548894159174894,0.4819039214604821,0.2680271358446859,0.2033644035078043
acts,0.02,hpv18,0.3554734950062676,0.17166509676800318,0.4054492305995257,0.29562627543985437,0.2209585792289449,0.13350614968837904
acts,0.02,hi5,0.3995967721632481,0.18675336914737733,0.4660195245711764,0.322806243450444,0.2472229882521648,0.14154762561359
acts,0.03,hpv16,0.6510190405985926,0.2987991577478507,0.6104572279521263,0.6648061331421323,0.3471512878495395,0.2582207269317743
acts,0.03,hpv18,0.49761743839336475,0.22386153068912787,0.5539683415145331,0.4223484639567592,0.28780541613810606,0.17544536980861508
acts,0.03,hi5,0.5578488438363247,0.24676253471161833,0.6374386410015994,0.4629860459985661,0.3235453091390436,0.1888588605151398
acts,0.05,hpv16,0.9239199320197706,0.39789750515412714,0.8302244774143731,0.9818984060448954,0.4517676906954939,0.35129888037063595
acts,0.05,hpv18,0.7320568801445506,0.3090109561587417,0.7959075616347692,0.6441012630301693,0.39393304285477915,0.24347250565330095
acts,0.05,hi5,0.8065640850226131,0.33289686856427897,0.9026529148971375,0.6866692405272737,0.4322320886878826,0.2570073355027301
acts,0.07,hpv16,1.1160516932545668,0.46894028073349964,0.9692019193646241,1.2440350780431306,0.5165738238376262,0.42680491975070317
acts,0.07,hpv18,0.8936990859690779,0.3638303559334378,0.9564171860349677,0.8036181126247863,0.4555733274502234,0.2917765153604325
acts,0.07,hi5,0.9828179182178861,0.39108251428207214,1.0597319508024927,0.8700788704428879,0.49214053278914566,0.31149964149798687
acts,0.1,hpv16,1.2913645209662834,0.5332177821351771,1.0830842203960067,1.4923721802437815,0.5682312062213888,0.5011306601952457
acts,0.1,hpv18,1.0696364651667847,0.42338494264981774,1.097898626661519,1.001290607247256,0.5142242567977497,0.3498097181622636
acts,0.1,hi5,1.1523112417001187,0.4494396252862731,1.2037173901053444,1.0595113341790303,0.547967569356351,0.3697865534168
acts,0.15,hpv16,1.474960075994623,0.6020147429599574,1.1668302906624015,1.8186972588384536,0.6099829022116816,0.5939771661794717
acts,0.15,hpv18,1.2590760501982587,0.49142659348707995,1.236203187910209,1.2437041531079367,0.5668302906624014,0.4258893607633335
acts,0.15,hi5,1.326034664020983,0.5083366968904061,1.3290386630632616,1.2821796922398103,0.5961943632452706,0.4342176382990459
acts,0.2,hpv16,1.588580015704381,0.6435590574009855,1.2224367106061442,2.025437096685235,0.6321328112073246,0.6560807456841873
acts,0.2,hpv18,1.3910633144171158,0.5362656320878545,1.31708124207159,1.42894490099829,0.5977828029342012,0.47994043351166504
acts,0.2,hi5,1.438674332170766,0.5526200076979393,1.3866857867740334,1.4516573823837626,0.618995091280128,0.49270310517897525
acts,0.3,hpv16,1.722828251339072,0.6950935664265854,1.256235177320611,2.3266780651922123,0.6517235673708015,0.7438751309911201
acts,0.3,hpv18,1.5580087703656296,0.5900479115388991,1.403000386079091,1.6849043075395733,0.6307539573106834,0.553350614968838
acts,0.3,hi5,1.584345606097493,0.596651065205598,1.452617064695825,1.678374055485081,0.6453036236280404,0.5533395841376648
acts,0.5,hpv16,1.835639256511314,0.7381169506301692,1.2749214053278917,2.6059345871711432,0.6583861893993713,0.8297060283492362
acts,0.5,hpv18,1.6938322596017366,0.6409671259844965,1.4614527604655012,1.9214935745408415,0.6565991947493244,0.6270696596988584
acts,0.5,hi5,1.7113311028844067,0.6450516672963481,1.4877833544757597,1.92554188958138,0.6604048315040538,0.6291434559594066
acts,0.7,hpv16,1.8939736571652301,0.7648127551542906,1.2849704925266119,2.759969113672715,0.6642656224146489,0.8791462136671998
acts,0.7,hpv18,1.7715069826324998,0.6702059630258755,1.483613700292317,2.076576030003861,0.6636809883624731,0.6770724174066516
acts,0.7,hi5,1.7598451061026648,0.6662919036947986,1.4970161601676686,2.0304561248690085,0.6633059401025868,0.6699023771441178
acts,1.0,hpv16,1.9189544535667145,0.7726465646503582,1.2815729965252882,2.8368209144559042,0.663592741713088,0.9066019524571176
acts,1.0,hpv18,1.835322968386993,0.6933956517970249,1.4854227566047102,2.2356626771827255,0.6642214990899564,0.7247476697369147
acts,1.0,hi5,1.8190640901766466,0.6877214510670597,1.5098119243284982,2.1601786994650047,0.6661629253764272,0.711168716562793
acts,2.0,hpv16,1.9652950099841944,0.7958327322439311,1.2868457338260437,2.972433952898351,0.663758204180685,0.954045557332745
acts,2.0,hpv18,1.8907609438534507,0.7152619234635543,1.4992995422205064,2.3474270586288677,0.6684021841045722,0.7677017263250786
acts,2.0,hi5,1.8492167893961922,0.7023302857404965,1.5056312393138822,2.236081848767305,0.6661077712205615,0.7421984446528046
acts,5.0,hpv16,1.9675581144335534,0.7988986692393211,1.2857757432022503,2.985240747890354,0.6654238596878275,0.9608957034912581
acts,5.0,hpv18,1.9130947069204207,0.7288612151762857,1.4992333572334677,2.4158513043957863,0.6689868181567481,0.7967900281286195
acts,5.0,hi5,1.857852885181762,0.7092457975764523,1.5097567701726327,2.263052230985605,0.6668578677403342,0.7570459434118361
acts,100.0,hpv16,1.9617424338916398,0.7985050349723511,1.2856213115658266,2.969135734377585,0.6655562296619051,0.9610942584523743
acts,100.0,hpv18,1.9099148980878509,0.7266440853154337,1.496001323699741,2.4057911863658927,0.6693508355854614,0.7899398819701063
acts,100.0,hi5,1.860600390152761,0.7061238106193314,1.5112238707186587,2.2635486183883957,0.6656334454801169,0.751309911201809
beta,0.25,hpv16,1.9189544535667145,0.7726465646503582,1.2815729965252882,2.8368209144559042,0.663592741713088,0.9066019524571176
beta,0.25,hpv18,1.835322968386993,0.6933956517970249,1.4854227566047102,2.2356626771827255,0.6642214990899564,0.7247476697369147
beta,0.25,hi5,1.8190640901766466,0.6877214510670597,1.5098119243284982,2.1601786994650047,0.6661629253764272,0.711168716562793
beta,0.2,hpv16,1.8970179717260702,0.7681546537926185,1.2808229000055154,2.7749489824058244,0.6626661518945453,0.8890077767359772
beta,0.2,hpv18,1.7873485897968222,0.6786238324185342,1.4829739120842758,2.120004412332469,0.6631846009596823,0.6924604268931664
beta,0.2,hi5,1.7665824779852923,0.6700797956399438,1.5014284926369201,2.0381004908719875,0.6631073851414704,0.6785284871215046
beta,0.15,hpv16,1.8485222946089972,0.7429946060264839,1.2757928409905688,2.6379681208979098,0.6595775191660691,0.8377475042744471
beta,0.15,hpv18,1.7265937658201578,0.6514407893059158,1.4651370580773262,1.9907010093210524,0.6542937510341404,0.6489879212398654
beta,0.15,hi5,1.7437348669598873,0.6586473537007155,1.4886106668137442,1.997198168882025,0.6604489548287463,0.658441343555237
beta,0.1,hpv16,1.7584046966797777,0.7110648759159861,1.2477083448237822,2.4389498648723182,0.6485025646682477,0.7819314985384149
beta,0.1,hpv18,1.6185224729203238,0.6171863267890142,1.405824278859412,1.82104682587833,0.6352435055981467,0.6006287573768684
beta,0.1,hi5,1.6318067277401611,0.6188675027401606,1.4502895593182947,1.7953229275825933,0.6459434118360818,0.592554188958138
beta,0.07,hpv16,1.6462291470883215,0.6661745381735361,1.2151784236942251,2.192123986542386,0.6326733219348077,0.703645689702719
beta,0.07,hpv18,1.4839108593802188,0.5663207670418471,1.3423528762892285,1.5948486018421488,0.6086922949644256,0.5262699244388064
beta,0.07,hi5,1.512132758587418,0.577285527088406,1.3976283712977773,1.599834537532403,0.6253709116981964,0.5325354365451437
beta,0.05,hpv16,1.524677322662204,0.6219627650573326,1.1458717114334565,1.9824058242788594,0.6029893552479179,0.6422149908995644
beta,0.05,hpv18,1.3438476241950932,0.5186224463508727,1.24604268931664,1.4066295295350506,0.572444983729524,0.47160112514477975
beta,0.05,hi5,1.3758170539526287,0.528326162226812,1.3147978600187524,1.3969554905962165,0.5938558270365671,0.4713143235342784
beta,0.04,hpv16,1.4169303728912301,0.5830889042937619,1.1063592741713086,1.7678451271303295,0.5825602559152832,0.5816667585902598
beta,0.04,hpv18,1.230457920809221,0.47779485010712636,1.166863383155921,1.2526942805140366,0.542132259665766,0.4224918647620098
beta,0.04,hi5,1.2832381516021938,0.499106399401134,1.2413656168992333,1.2837681319287408,0.5686283161436214,0.4387182174176825
beta,0.03,hpv16,1.275207436702322,0.5326003125466872,1.0180133473057194,1.556692956814296,0.5429044178478849,0.5230158292427334
beta,0.03,hpv18,1.0910835625455901,0.4323215600654202,1.0647951023109592,1.076598091666207,0.5026198224036181,0.37373559097678016
beta,0.03,hi5,1.156492817996056,0.4542765050278613,1.140113617561083,1.1309028735315207,0.5298108212453808,0.3896641111907782
beta,0.025,hpv16,1.1899353164066142,0.4991832654375472,0.9628591914400749,1.4253929733605428,0.5191109150074458,0.480867023330208
beta,0.025,hpv18,0.9937399390707687,0.40223192304656463,0.9877999007225194,0.961910539959186,0.4746787270420827,0.3410732998731455
beta,0.025,hi5,1.061296950746854,0.4232694760868268,1.0665931277921792,1.0138216314599304,0.5019910650267498,0.35755336164580004
beta,0.02,hpv16,1.075875439113422,0.4594718483367698,0.8867685180078319,1.2611769896861729,0.48395565605868407,0.43583917048149584
beta,0.02,hpv18,0.880603029540963,0.36574375174893814,0.8840218410457228,0.8405824278859412,0.4358171088191495,0.3070431857040429
beta,0.02,hi5,0.950505947911373,0.38578613283530794,0.9710109756770173,0.8900777673597705,0.46376923501185807,0.3214053278914566
beta,0.015,hpv16,0.934125758456343,0.40637764190812053,0.7929512988803706,1.0633610942584524,0.4381446141966797,0.3777949368484915
beta,0.015,hpv18,0.745434209299679,0.3166078258545293,0.7695990292868566,0.6900115823727319,0.38837350394352216,0.2587391759969114
beta,0.015,hi5,0.8136524887328207,0.3390094830997444,0.8530693287739232,0.7434669902377145,0.41579615023992056,0.2777783906017319
beta,0.01,hpv16,0.7322575753630409,0.3323923949806518,0.6444321879653633,0.7966355964921957,0.3647123710771607,0.3038883679885279
beta,0.01,hpv18,0.5737675980139316,0.25612567641684647,0.6122662842645193,0.5133969444597651,0.3180629860459986,0.20643097457393417
beta,0.01,hi5,0.6265936971058478,0.2732516646439172,0.6806574375379186,0.5535050466052617,0.34528707738128067,0.21792510065633447
beta,0.005,hpv16,0.4496697449178867,0.22090708695131112,0.41582924273344,0.46317357012850924,0.24678175500523963,0.19825712867464562
beta,0.005,hpv18,0.33705032980588534,0.16565303886106997,0.3745849649771111,0.28847829683966686,0.20819590756163478,0.13191770999944846
beta,0.005,hi5,0.3830464615554755,0.1809320921711245,0.4344051624289891,0.3193315316309083,0.23464784071479788,0.14010258672991008
