beta,genotype,n_cases,R_all,R_dist
0.03,hi5,8947,1.1023272881733086,0.4554617900211274
0.03,hpv16,12523,1.18638550441821,0.48707190538294526
0.03,hpv18,1927,0.9875422232715904,0.3996189528455375
0.04,hi5,16396,1.212190255904245,0.4896968247556225
0.04,hpv16,19380,1.263116439429765,0.5062172587252063
0.04,hpv18,2791,1.075881752178697,0.4237932771897256
0.05,hi5,20172,1.2426092716826358,0.4883137322387857
0.05,hpv16,25601,1.2675186679038313,0.5035268484362811
0.05,hpv18,5537,1.1894467363236796,0.4654653774922537
0.06,hi5,23887,1.238375980323053,0.47727599784550856
0.06,hpv16,31262,1.2897779330558703,0.5087131869654853
0.06,hpv18,6571,1.228332829538918,0.4681919207924248
