year,mean_all,mean_excl,frac_zero,cv_excl,e2e_excl
1900,0.09519560110759702,1.0658242727005582,0.9106835868295692,0.2472146802865286,1.1309622277364213
1901,0.5876956498979218,1.4299315395637637,0.5890043448672984,0.5376340845332477,1.843253835704901
1902,0.5844510680576255,1.4277000702561156,0.5906345595732999,0.5426700524430567,1.8481445858590377
1903,0.5812393998695369,1.4293689242516603,0.5933594259621657,0.5385922164335861,1.8440025139163225
1904,0.5786665972728219,1.4349228883009615,0.5967263453731654,0.5377940537489747,1.849934793362414
1905,0.5763915023943315,1.436355992497251,0.5987126412915115,0.5405571554032381,1.8560621411685243
1906,0.5737912827414846,1.4384712714531356,0.6011103633916555,0.546395260541507,1.8679236772069105
1907,0.5758503533180896,1.4376572276333612,0.5994522600731181,0.5437981729461407,1.8627961234745156
1908,0.5717376187900796,1.4318423683446742,0.6006979319580725,0.5399137478949547,1.849234234234234
1909,0.568748476177033,1.4346010681340022,0.6035493846963261,0.5388980311989715,1.8512251252199812
1910,0.5665350154019199,1.4382503731585436,0.6060943032069226,0.5422289751125612,1.8611136179045216
1911,0.5626630358710728,1.4312348276420133,0.6068688205428379,0.5408385852744964,1.8498801393097832
1912,0.5590822664469515,1.4264553686934023,0.6080618582836862,0.5388313119843753,1.8406112547045757
1913,0.5556467084006462,1.430544272948822,0.6115837035541195,0.5391820166565386,1.846428165814878
1914,0.5512056132247173,1.4296317999804669,0.6144422548293564,0.5412411827159859,1.8484310242747186
1915,0.5454806707149461,1.4242325384138583,0.6170002748831747,0.5448073072968571,1.8469661222713425
1916,0.5399226781696357,1.4205861189245765,0.6199296396206009,0.5430359110979874,1.8394999194161121
1917,0.5369753827493595,1.4188632350055594,0.621545354406723,0.5355695048902537,1.8258424376526992
1918,0.5332455157640744,1.4167729696137115,0.6236196432308658,0.5367721837241571,1.8249797991457923
1919,0.528935539578919,1.4128308306343442,0.6256200472766911,0.5378659921517863,1.821562543416848
1920,0.5262592868209489,1.4120920488395692,0.6273194178428957,0.5332454338305698,1.8136214010848903
1921,0.5238431134083308,1.406097998890086,0.627449072666464,0.5294307107657088,1.800222877440624
1922,0.5193247553329533,1.4030207719022345,0.6298524115014734,0.5262580807367272,1.7915839618896388
1923,0.5173373339463305,1.3988027086263861,0.6301570401916423,0.5247338982024389,1.7839569691300283
1924,0.5147996137131821,1.3959410801963994,0.6312168034765814,0.5250700860211545,1.7808000750363457
1925,0.5105991559152068,1.3914282905730857,0.6330395469356837,0.5217038218191667,1.7701401153891438
1926,0.5075422111819131,1.3876439515732144,0.6342417587692455,0.521627255704087,1.7652149241027095
1927,0.5064644336437858,1.38330499607638,0.6338736322934374,0.5182681146115017,1.7548632613988226
1928,0.503199388773488,1.3799639875593386,0.6353532459470429,0.5196331945107624,1.7525800099641764
1929,0.49971977438857157,1.3780664255179218,0.6373761343175016,0.5164011727055839,1.7455556350967618
1930,0.49914944743823086,1.3721835246410936,0.6362371078833732,0.5135540070077045,1.7340800762631077
1931,0.4981838038033285,1.372624693376942,0.6370575247501247,0.5136001328840891,1.7347026305756768
1932,0.49444240580499293,1.370182056749221,0.6391410883178068,0.5124492072554185,1.7299976059372757
1933,0.49029745042492917,1.3608308216485387,0.6397072710103872,0.5073454752655792,1.7111079011989023
1934,0.489645266491635,1.3549112233262746,0.6386145025136277,0.5065279333767887,1.7025415374257618
1935,0.491927814110768,1.3554074601274628,0.637062781058836,0.505962546488328,1.7023891925436188
1936,0.48863649669223114,1.3565206085034456,0.6397868977226158,0.5008313560613442,1.696779449822678
1937,0.48741124813153963,1.3553498944633868,0.640379764573991,0.49954031272001603,1.693564617375054
1938,0.48701850838060406,1.355947593721624,0.6408279268051204,0.49754931157408283,1.6916196307280205
1939,0.48723018235950877,1.3546092411161768,0.640316803126163,0.5009594418727614,1.694562467179071
1940,0.48674055591017235,1.3555706389993212,0.640933093483433,0.4998629471130148,1.6942775393419172
1941,0.4872903897305424,1.3565564534303467,0.6407887128483867,0.5025159224796685,1.6991171444845263
1942,0.4890255014359696,1.357289199052436,0.6397042710003344,0.5026752966301684,1.7002523644425578
1943,0.49323438039351053,1.358786610878661,0.6370037970314119,0.5070598328752454,1.7081437935941401
1944,0.49187304281994515,1.363335770832671,0.639213572075844,0.5064667459528269,1.713043072689536
1945,0.49332783995971524,1.366708941027267,0.6390395751791069,0.508921848251236,1.7206885352387136
1946,0.49327338909364765,1.36917619485003,0.6397297944931936,0.5091056350764978,1.7240509842929514
1947,0.49138794084186577,1.369771350648527,0.6412627986348123,0.5140564384662367,1.7317389391799598
1948,0.49094784097221433,1.367877447883765,0.6410878461869834,0.5155365562014864,1.731429099221835
1949,0.4934651228466535,1.3737106918238993,0.6407794408359221,0.5144640091752941,1.737295119494552
1950,0.4921152678109464,1.3704620203602194,0.6409128742717027,0.515591218649855,1.7347778387273725
1951,0.4913644214162349,1.3685147587068562,0.6409505865464414,0.5143795691634901,1.7306050715541046
1952,0.48998326826547683,1.3703206887946093,0.6424316787506972,0.5157727933518286,1.7348555558085006
1953,0.4942032683581659,1.3739012429448232,0.6402919999556231,0.5161717170945286,1.739954204642392
1954,0.49528963498812745,1.3701384009043414,0.6385112375062124,0.5182127247911389,1.738081434241627
1955,0.49679057395968435,1.3740803794004985,0.6384559583214262,0.5130202172133553,1.735724241686763
1956,0.4993552335365987,1.373883760786554,0.6365374948090835,0.5164115093720818,1.7402722458090778
1957,0.49959246660943085,1.3752655039339456,0.6367301694252149,0.5195032146222476,1.746427095342716
1958,0.5014641525744232,1.3802456651696755,0.6366848560159922,0.5208285379846799,1.7546543699362178
1959,0.5047085635656081,1.3817470127729707,0.6347315688761799,0.5202973648736156,1.755798845555816
1960,0.5022462775971248,1.3803910039688372,0.6361565120657197,0.5222083806973327,1.7568258295352899
