network,measure,period,years,n_runs,mean,sd,ci95_lo,ci95_hi,median,min,max
Default,cancers,overall,1900-2050,50,537228.0293782806,13798.935117018476,533306.4154088343,541149.6433477269,536933.4365615845,509296.6061820984,569813.0248031616
Default,cancers,pre-screening,1900-1979,50,359368.67171165464,10690.432270807065,356330.4844764012,362406.8589469081,358779.4852466583,340280.0366706848,381373.2801437378
Default,cancers,post-screening,1980-2050,50,177859.357666626,6128.628136009757,176117.62082186935,179601.09451138263,178503.4680557251,165721.12215423584,193283.05648040771
Default,cancer_incidence,overall,1900-2050,50,1744.2764205659557,44.75555755547599,1731.5570318427312,1756.9958092891802,1742.0741600116135,1663.7967279883883,1842.9439179302628
Default,cancer_incidence,pre-screening,1900-1979,50,1225.8339359072368,36.07622999566562,1215.581184784328,1236.0866870301456,1226.2274214238782,1159.9370115538509,1298.2754053458661
Default,cancer_incidence,post-screening,1980-2050,50,518.4424846587189,17.86596728736061,513.3650329352614,523.5199363821763,520.2297175993398,483.68697579637586,566.1246058709377
Gamma-2,cancers,overall,1900-2050,50,337674.6356969452,96831.45243176275,310155.4414027539,365193.8299911365,357905.69349479675,132516.9828567505,527970.8163032532
Gamma-2,cancers,pre-screening,1900-1979,50,172260.09050315857,49875.97757182453,158085.4945124705,186434.68649384665,180076.2948665619,74696.83756256104,274670.65034866333
Gamma-2,cancers,post-screening,1980-2050,50,165414.54519378662,47451.11041023103,151929.08882541826,178900.00156215497,178104.01936149597,57820.14529418945,253300.16595458984
Gamma-2,cancer_incidence,overall,1900-2050,50,1060.8483861449608,305.9449194284988,973.899802088487,1147.7969702014348,1123.1629088800012,418.5587720546986,1670.8778956835692
Gamma-2,cancer_incidence,pre-screening,1900-1979,50,582.531782476133,168.17514516940008,534.7369350464517,630.3266299058143,609.5226864817578,254.9371292294159,931.2722743713344
Gamma-2,cancer_incidence,post-screening,1980-2050,50,478.3166036688281,139.35201717662702,438.7131985802438,517.9200087574125,514.8576333659856,163.6216428252827,739.6056213122347
Power law,cancers,overall,1900-2050,50,325285.74682113645,85038.26169542172,301118.1402504746,349453.3533917983,336934.6580924988,132467.0516281128,491571.08906173706
Power law,cancers,pre-screening,1900-1979,50,171361.3321838379,36513.34493550103,160984.35436953756,181738.30999813823,177429.95094680786,84283.59690093994,246509.5435180664
Power law,cancers,post-screening,1980-2050,50,153924.41463729859,49006.384924985716,139996.9541424043,167851.87513219286,156059.46599006653,48183.45472717285,250304.30430603027
Power law,cancer_incidence,overall,1900-2050,50,1035.1419643429606,266.4162277362397,959.427310167287,1110.8566185186341,1071.362385151099,430.2303422257701,1565.908397751874
Power law,cancer_incidence,pre-screening,1900-1979,50,591.5699965411893,125.16069940331185,555.9997193391218,627.1402737432568,610.6463297004412,293.31567164657554,846.7516338380665
Power law,cancer_incidence,post-screening,1980-2050,50,443.57196780177134,142.81279870196454,402.98501948612835,484.1589161174143,450.9985790469714,136.91467057919454,730.8018504907255
